<?xml version="1.0" encoding="UTF-8"?>
<!-- edited with XMLSpy v2015 sp2 (http://www.altova.com) by Johan Boer (Kwaliteits Instituut Nederlandse Gemeenten) -->
<BG:kozLk01 xmlns:gml="http://www.opengis.net/gml" xmlns:StUF="http://www.egem.nl/StUF/StUF0301" xmlns:BG="http://www.egem.nl/StUF/sector/bg/0310" xmlns:xsi="http://www.w3.org/2001/XMLSchema-instance" xsi:schemaLocation="http://www.egem.nl/StUF/sector/bg/0310 ../../berichtschema/bg0310/mutatie/bg0310_msg_mutatie.xsd">
	<BG:stuurgegevens>
		<StUF:berichtcode>Lk01</StUF:berichtcode>
		<StUF:zender>
			<StUF:applicatie>Zendapplicatie</StUF:applicatie>
		</StUF:zender>
		<StUF:ontvanger>
			<StUF:applicatie>Ontvangapplicatie</StUF:applicatie>
		</StUF:ontvanger>
		<StUF:referentienummer>123456789</StUF:referentienummer>
		<StUF:tijdstipBericht>201512081556</StUF:tijdstipBericht>
		<StUF:entiteittype>KOZ</StUF:entiteittype>
	</BG:stuurgegevens>
	<BG:parameters>
		<StUF:mutatiesoort>W</StUF:mutatiesoort>
		<StUF:indicatorOvername>V</StUF:indicatorOvername>
	</BG:parameters>
	<BG:object StUF:sleutelVerzendend="53860387610006" StUF:entiteittype="KOZ" StUF:verwerkingssoort="W">
		<BG:kadastraleIdentificatie>53860387610006</BG:kadastraleIdentificatie>
		<BG:authentiek StUF:metagegeven="true">J</BG:authentiek>
		<BG:typering>A</BG:typering>
		<BG:kadastraleAanduiding>
			<BG:kadastraleGemeentecode>ASN00</BG:kadastraleGemeentecode>
			<BG:kadastraleSectie>T</BG:kadastraleSectie>
			<BG:kadastraalPerceelnummer>3876</BG:kadastraalPerceelnummer>
			<BG:apr.appartementsIndex>6</BG:apr.appartementsIndex>
		</BG:kadastraleAanduiding>
		<BG:kadastraleGemeentenaam>Assen</BG:kadastraleGemeentenaam>
		<BG:locatieOnroerendeZaak>
			<BG:locatieOmschrijving>LANGEDK 36 9406GK ASSEN</BG:locatieOmschrijving>
			<BG:cultuurBebouwd>Wonen</BG:cultuurBebouwd>
		</BG:locatieOnroerendeZaak> 
		<BG:apr.heeftVerenigingVanEigenaars StUF:entiteittype="KOZNNP" StUF:verwerkingssoort="T">
			<BG:gerelateerde StUF:entiteittype="NNP" StUF:verwerkingssoort="T">
				<BG:inn.nnpId>058162773</BG:inn.nnpId>
				<BG:statutaireNaam>Vereniging Van Eigenaars Langedijk 30 Tot En Met 40 Even Nummers</BG:statutaireNaam>
				<BG:inn.rechtsvorm>Vereniging van eigenaren</BG:inn.rechtsvorm>
			</BG:gerelateerde>
			<StUF:tijdvakRelatie>
				<StUF:beginRelatie xsi:nil="true" StUF:noValue="geenWaarde"></StUF:beginRelatie>
				<StUF:eindRelatie xsi:nil="true" StUF:noValue="geenWaarde"></StUF:eindRelatie>
				</StUF:tijdvakRelatie>
		</BG:apr.heeftVerenigingVanEigenaars>
		<BG:koopsom>
			<BG:bedrag>114000</BG:bedrag>
			<BG:valutasoort>EUR</BG:valutasoort>
			<BG:aardBedrag xsi:nil="true" StUF:noValue="geenWaarde"></BG:aardBedrag>
			<BG:koopjaar>2006</BG:koopjaar>
			<BG:transactiedatum>20091031</BG:transactiedatum>
			<BG:meerOnroerendGoed>true</BG:meerOnroerendGoed>
		</BG:koopsom>
		<StUF:tijdvakGeldigheid>
			<StUF:beginGeldigheid>20091031</StUF:beginGeldigheid>
			<StUF:eindGeldigheid>20091123</StUF:eindGeldigheid>
		</StUF:tijdvakGeldigheid>
		<StUF:extraElementen>
			<StUF:extraElement xsi:nil="true" StUF:noValue="waardeOnbekend" naam="stukdatum"></StUF:extraElement>
			<StUF:extraElement xsi:nil="true" StUF:noValue="waardeOnbekend" naam="typeGebeurtenis"></StUF:extraElement>
			<StUF:extraElement xsi:nil="true" StUF:noValue="waardeOnbekend" naam="stuknummer"></StUF:extraElement>
			<StUF:extraElement xsi:nil="true" StUF:noValue="waardeOnbekend" naam="aardStukdeel"></StUF:extraElement>
		</StUF:extraElementen>
		<BG:heeftAlsVoornaamsteZakelijkGerechtigde StUF:entiteittype="KOZRPSVZG" StUF:verwerkingssoort="T">
			<BG:gerelateerde>
				<BG:natuurlijkPersoon StUF:sleutelVerzendend="119987940" StUF:entiteittype="NPS" StUF:verwerkingssoort="T">
					<BG:inp.bsn>119987940</BG:inp.bsn>
					<BG:authentiek StUF:metagegeven="true">N</BG:authentiek>
					<BG:geslachtsnaam>Biemolt</BG:geslachtsnaam>
					<BG:voorletters>I.</BG:voorletters>
					<BG:voornamen>Ilona</BG:voornamen>
					<BG:geslachtsaanduiding>V</BG:geslachtsaanduiding>
					<BG:geboortedatum>19810519</BG:geboortedatum>
				</BG:natuurlijkPersoon>
			</BG:gerelateerde>
			<StUF:tijdvakRelatie>
				<StUF:beginRelatie xsi:nil="true" StUF:noValue="waardeOnbekend"></StUF:beginRelatie>
			</StUF:tijdvakRelatie>
		</BG:heeftAlsVoornaamsteZakelijkGerechtigde>
	</BG:object>
	<BG:object StUF:sleutelVerzendend="53860387610006" StUF:entiteittype="KOZ" StUF:verwerkingssoort="W">
		<BG:kadastraleIdentificatie>53860387610006</BG:kadastraleIdentificatie>
		<BG:authentiek StUF:metagegeven="true">J</BG:authentiek>
		<BG:typering>A</BG:typering>
		<BG:kadastraleAanduiding>
			<BG:kadastraleGemeentecode>ASN00</BG:kadastraleGemeentecode>
			<BG:kadastraleSectie>T</BG:kadastraleSectie>
			<BG:kadastraalPerceelnummer>3876</BG:kadastraalPerceelnummer>
			<BG:apr.appartementsIndex>6</BG:apr.appartementsIndex>
		</BG:kadastraleAanduiding>
		<BG:kadastraleGemeentenaam>Assen</BG:kadastraleGemeentenaam>
		<BG:locatieOnroerendeZaak>
			<BG:locatieOmschrijving>LANGEDK 36 9406GK ASSEN</BG:locatieOmschrijving>
			<BG:cultuurBebouwd>Wonen</BG:cultuurBebouwd>
		</BG:locatieOnroerendeZaak> 
		<BG:apr.heeftVerenigingVanEigenaars StUF:entiteittype="KOZNNP" StUF:verwerkingssoort="T">
			<BG:gerelateerde StUF:entiteittype="NNP" StUF:verwerkingssoort="T">
				<BG:inn.nnpId>058162773</BG:inn.nnpId>
				<BG:statutaireNaam>Vereniging Van Eigenaars Langedijk 30 Tot En Met 40 Even Nummers</BG:statutaireNaam>
				<BG:inn.rechtsvorm>Vereniging van eigenaren</BG:inn.rechtsvorm>
			</BG:gerelateerde>
			<StUF:tijdvakRelatie>
				<StUF:beginRelatie xsi:nil="true" StUF:noValue="geenWaarde"></StUF:beginRelatie>
				<StUF:eindRelatie xsi:nil="true" StUF:noValue="geenWaarde"></StUF:eindRelatie>
				</StUF:tijdvakRelatie>
		</BG:apr.heeftVerenigingVanEigenaars>
		<BG:koopsom>
			<BG:bedrag>119000</BG:bedrag>
			<BG:valutasoort>EUR</BG:valutasoort>
			<BG:aardBedrag xsi:nil="true" StUF:noValue="geenWaarde"></BG:aardBedrag>
			<BG:koopjaar>2009</BG:koopjaar>
			<BG:transactiedatum>20091123</BG:transactiedatum>
			<BG:meerOnroerendGoed>true</BG:meerOnroerendGoed>
		</BG:koopsom>
		<StUF:tijdvakGeldigheid>
			<StUF:beginGeldigheid>20091023</StUF:beginGeldigheid>
			<StUF:eindGeldigheid xsi:nil="true" StUF:noValue="geenWaarde"></StUF:eindGeldigheid>
		</StUF:tijdvakGeldigheid>
		<StUF:extraElementen>
			<StUF:extraElement naam="stukdatum">20091123</StUF:extraElement>
			<StUF:extraElement naam="typeGebeurtenis">wijzigKOZ</StUF:extraElement>
			<StUF:extraElement naam="stuknummer">57487/35</StUF:extraElement>
			<StUF:extraElement naam="aardStukdeel"></StUF:extraElement>
		</StUF:extraElementen>
		<BG:heeftAlsVoornaamsteZakelijkGerechtigde StUF:entiteittype="KOZRPSVZG" StUF:verwerkingssoort="T">
			<BG:gerelateerde>
				<BG:natuurlijkPersoon StUF:sleutelVerzendend="326418015" StUF:entiteittype="NPS" StUF:verwerkingssoort="T">
					<BG:inp.bsn>326418015</BG:inp.bsn>
					<BG:authentiek StUF:metagegeven="true">N</BG:authentiek>
					<BG:geslachtsnaam>Afman</BG:geslachtsnaam>
					<BG:voorletters>S.E.</BG:voorletters>
					<BG:voornamen>Sandra Elisabeth</BG:voornamen>
					<BG:geslachtsaanduiding>V</BG:geslachtsaanduiding>
					<BG:geboortedatum>19880726</BG:geboortedatum>
				</BG:natuurlijkPersoon>
			</BG:gerelateerde>
			<StUF:tijdvakRelatie>
				<StUF:beginRelatie xsi:nil="true" StUF:noValue="waardeOnbekend"></StUF:beginRelatie>
			</StUF:tijdvakRelatie>
		</BG:heeftAlsVoornaamsteZakelijkGerechtigde>
	</BG:object>
</BG:kozLk01>
