<?xml version="1.0" encoding="UTF-8"?>
<!--Created by GO Publisher Agent 1.4.5-SNAPSHOT Build 25198 from 2011-09-20 12:51-->
<!--Snowflake Software Ltd. (http://www.snowflakesoftware.co.uk)-->
<Mutatie:Mutatie xmlns:xsi="http://www.w3.org/2001/XMLSchema-instance" xmlns:xs="http://www.w3.org/2001/XMLSchema" xmlns:Mutatie="http://www.kadaster.nl/schemas/brk-levering/product-mutatie/v20120901" xmlns:KadastraalObjectRef="http://www.kadaster.nl/schemas/brk-levering/snapshot/imkad-kadastraalobject-ref/v20120201" xmlns:xlink="http://www.w3.org/1999/xlink" xmlns:KadastraalObject="http://www.kadaster.nl/schemas/brk-levering/snapshot/imkad-kadastraalobject/v20120701" xmlns:NEN3610="http://www.kadaster.nl/schemas/brk-levering/snapshot/imkad-NEN3610-2011/v20120201" xmlns:Adres="http://www.kadaster.nl/schemas/brk-levering/snapshot/imkad-adres/v20120201" xmlns:Typen="http://www.kadaster.nl/schemas/brk-levering/snapshot/imkad-typen/v20120201" xmlns:BagAdres="http://www.kadaster.nl/schemas/brk-levering/snapshot/imkad-bag-adres/v20120201" xmlns:InOnderzoek="http://www.kadaster.nl/schemas/brk-levering/snapshot/imkad-inonderzoek/v20120201" xmlns:gml="http://www.opengis.net/gml" xmlns:smil20="http://www.w3.org/2001/SMIL20/" xmlns:smil20lang="http://www.w3.org/2001/SMIL20/Language" xmlns:StukRef="http://www.kadaster.nl/schemas/brk-levering/snapshot/imkad-stuk-ref/v20120201" xmlns:Stuk="http://www.kadaster.nl/schemas/brk-levering/snapshot/imkad-stuk/v20120201" xmlns:Snapshot="http://www.kadaster.nl/schemas/brk-levering/snapshot/v20120901" xmlns:GbaPersoon="http://www.kadaster.nl/schemas/brk-levering/snapshot/imkad-gba-persoon/v20120901" xmlns:Persoon="http://www.kadaster.nl/schemas/brk-levering/snapshot/imkad-persoon/v20120201" xmlns:NhrRechtspersoon="http://www.kadaster.nl/schemas/brk-levering/snapshot/imkad-nhr-rechtspersoon/v20120201" xmlns:Recht="http://www.kadaster.nl/schemas/brk-levering/snapshot/imkad-recht/v20120201" xmlns:GbaPersoonRef="http://www.kadaster.nl/schemas/brk-levering/snapshot/imkad-gba-persoon-ref/v20120201" xmlns:PersoonRef="http://www.kadaster.nl/schemas/brk-levering/snapshot/imkad-persoon-ref/v20120201" xmlns:NhrRechtspersoonRef="http://www.kadaster.nl/schemas/brk-levering/snapshot/imkad-nhr-rechtspersoon-ref/v20120201" xmlns:RechtRef="http://www.kadaster.nl/schemas/brk-levering/snapshot/imkad-recht-ref/v20120201" xsi:schemaLocation="http://www.kadaster.nl/schemas/brk-levering/product-mutatie/v20120901 BRKLeveringMutatie_v1_1_4.xsd">
	<Mutatie:aardStukdeel>
		<Typen:code>001</Typen:code>
		<Typen:waarde>Akte van Koop en Verkoop</Typen:waarde>
	</Mutatie:aardStukdeel>
	<Mutatie:BRKDatum>2009-11-23</Mutatie:BRKDatum>
	<Mutatie:volgnummerKadastraalObjectDatum>1</Mutatie:volgnummerKadastraalObjectDatum>
	<Mutatie:ingeschrevenStuk>
		<Mutatie:AanduidingTerInschrijvingAangebodenStuk>
			<Mutatie:stuk>
				<StukRef:TerInschrijvingAangebodenStukRef xlink:href="NL.KAD.TIAStuk.20091123000674"/>
			</Mutatie:stuk>
			<Mutatie:deelEnNummer>
				<Stuk:deel>57487</Stuk:deel>
				<Stuk:nummer>35</Stuk:nummer>
				<Stuk:registercode>
					<Typen:code>2</Typen:code>
					<Typen:waarde>Hyp4</Typen:waarde>
				</Stuk:registercode>
				<Stuk:soortRegister>
					<Typen:code>2</Typen:code>
					<Typen:waarde>Onroerende Zaken</Typen:waarde>
				</Stuk:soortRegister>
			</Mutatie:deelEnNummer>
		</Mutatie:AanduidingTerInschrijvingAangebodenStuk>
	</Mutatie:ingeschrevenStuk>
	<Mutatie:kadastraalObject>
		<Mutatie:AanduidingKadastraalObject>
			<Mutatie:indicatieDeelperceel>false</Mutatie:indicatieDeelperceel>
			<Mutatie:kadastraleAanduiding>
				<KadastraalObject:AKRKadastraleGemeenteCode>
					<Typen:code>106</Typen:code>
					<Typen:waarde>ASN00</Typen:waarde>
				</KadastraalObject:AKRKadastraleGemeenteCode>
				<KadastraalObject:naamKadastraleGemeente>
					<Typen:code>59</Typen:code>
					<Typen:waarde>Assen</Typen:waarde>
				</KadastraalObject:naamKadastraleGemeente>
				<KadastraalObject:sectie>T</KadastraalObject:sectie>
				<KadastraalObject:perceelnummer>3876</KadastraalObject:perceelnummer>
				<KadastraalObject:appartementsrechtVolgnummer>6</KadastraalObject:appartementsrechtVolgnummer>
			</Mutatie:kadastraleAanduiding>
			<Mutatie:kadastraalObject>
				<KadastraalObjectRef:AppartementsrechtRef xlink:href="NL.KAD.OnroerendeZaak.53860387610006"/>
			</Mutatie:kadastraalObject>
		</Mutatie:AanduidingKadastraalObject>
	</Mutatie:kadastraalObject>
	<Mutatie:was>
		<Snapshot:KadastraalObjectSnapshot>
			<Snapshot:referentie>30FC59455D96-1D3C7E1EEFF</Snapshot:referentie>
			<Snapshot:toestandsdatum>2009-10-31</Snapshot:toestandsdatum>
			<KadastraalObject:Appartementsrecht id="ID.50828892">
				<KadastraalObject:identificatie>
					<NEN3610:namespace>NL.KAD.OnroerendeZaak</NEN3610:namespace>
					<NEN3610:lokaalId>53860387610006</NEN3610:lokaalId>
				</KadastraalObject:identificatie>
				<KadastraalObject:koopsom>
					<KadastraalObject:bedrag>
						<Typen:som>114000</Typen:som>
						<Typen:valuta>
							<Typen:code>EUR</Typen:code>
							<Typen:waarde>Euro</Typen:waarde>
						</Typen:valuta>
					</KadastraalObject:bedrag>
					<KadastraalObject:koopjaar>2006</KadastraalObject:koopjaar>
					<KadastraalObject:indicatieMeerObjecten>true</KadastraalObject:indicatieMeerObjecten>
				</KadastraalObject:koopsom>
				<KadastraalObject:heeftLocatie>
					<KadastraalObject:LocatieKadastraalObject>
						<KadastraalObject:cultuurBebouwd>
							<Typen:code>12</Typen:code>
							<Typen:waarde>Wonen (appartement)</Typen:waarde>
						</KadastraalObject:cultuurBebouwd>
						<KadastraalObject:adres>
							<Adres:KADBinnenlandsAdres>
								<Adres:openbareRuimteNaam>LANGEDK</Adres:openbareRuimteNaam>
								<Adres:huisNummer>36</Adres:huisNummer>
								<Adres:postcode>9406GK</Adres:postcode>
								<Adres:woonplaatsNaam>ASSEN</Adres:woonplaatsNaam>
							</Adres:KADBinnenlandsAdres>
						</KadastraalObject:adres>
					</KadastraalObject:LocatieKadastraalObject>
				</KadastraalObject:heeftLocatie>
				<KadastraalObject:kadastraleAanduiding>
					<KadastraalObject:AKRKadastraleGemeenteCode>
						<Typen:code>106</Typen:code>
						<Typen:waarde>ASN00</Typen:waarde>
					</KadastraalObject:AKRKadastraleGemeenteCode>
					<KadastraalObject:naamKadastraleGemeente>
						<Typen:code>59</Typen:code>
						<Typen:waarde>Assen</Typen:waarde>
					</KadastraalObject:naamKadastraleGemeente>
					<KadastraalObject:sectie>T</KadastraalObject:sectie>
					<KadastraalObject:perceelnummer>3876</KadastraalObject:perceelnummer>
					<KadastraalObject:appartementsrechtVolgnummer>6</KadastraalObject:appartementsrechtVolgnummer>
				</KadastraalObject:kadastraleAanduiding>
			</KadastraalObject:Appartementsrecht>
			<Recht:ZakelijkRecht id="ID.51470413">
				<Recht:identificatie>
					<NEN3610:namespace>NL.KAD.ZakelijkRecht</NEN3610:namespace>
					<NEN3610:lokaalId>AKR1.9328794</NEN3610:lokaalId>
				</Recht:identificatie>
				<Recht:aard>
					<Typen:code>2</Typen:code>
					<Typen:waarde>Eigendom (recht van)</Typen:waarde>
				</Recht:aard>
				<Recht:rustOp>
					<KadastraalObjectRef:AppartementsrechtRef xlink:href="#ID.50828892"/>
				</Recht:rustOp>
				<Recht:ontstaanUit>
					<Recht:HoofdSplitsing>
						<Recht:verenigingVanEigenaren>
							<PersoonRef:KADNietNatuurlijkPersoonRef xlink:href="#ID.65842473"/>
						</Recht:verenigingVanEigenaren>
						<Recht:isGebaseerdOp>
							<StukRef:StukdeelRef xlink:href="#ID.65865807"/>
						</Recht:isGebaseerdOp>
					</Recht:HoofdSplitsing>
				</Recht:ontstaanUit>
			</Recht:ZakelijkRecht>
			<Recht:Tenaamstelling id="ID.65823995">
				<Recht:identificatie>
					<NEN3610:namespace>NL.KAD.Tenaamstelling</NEN3610:namespace>
					<NEN3610:lokaalId>AKR1.9328794</NEN3610:lokaalId>
				</Recht:identificatie>
				<Recht:isGebaseerdOp>
					<StukRef:StukdeelRef xlink:href="#ID.65864523"/>
				</Recht:isGebaseerdOp>
				<Recht:vanPersoon>
					<GbaPersoonRef:IngezeteneRef xlink:href="#ID.65842471"/>
				</Recht:vanPersoon>
				<Recht:aandeel>
					<Recht:teller>1</Recht:teller>
					<Recht:noemer>1</Recht:noemer>
				</Recht:aandeel>
				<Recht:burgerlijkeStaatTenTijdeVanVerkrijging>
					<Typen:code>2</Typen:code>
					<Typen:waarde>Ongehuwd en geen geregistreerd partnerschap</Typen:waarde>
				</Recht:burgerlijkeStaatTenTijdeVanVerkrijging>
				<Recht:van>
					<RechtRef:ZakelijkRechtRef xlink:href="#ID.51470413"/>
				</Recht:van>
			</Recht:Tenaamstelling>
			<GbaPersoon:Ingezetene id="ID.65842471">
				<Persoon:identificatie>
					<NEN3610:namespace>NL.KAD.Persoon</NEN3610:namespace>
					<NEN3610:lokaalId>119987940</NEN3610:lokaalId>
				</Persoon:identificatie>
				<Persoon:woonlocatie>
					<Adres:KADBinnenlandsAdres>
						<Adres:openbareRuimteNaam>Akkelei</Adres:openbareRuimteNaam>
						<Adres:huisNummer>8</Adres:huisNummer>
						<Adres:postcode>9285KA</Adres:postcode>
						<Adres:woonplaatsNaam>BUITENPOST</Adres:woonplaatsNaam>
					</Adres:KADBinnenlandsAdres>
				</Persoon:woonlocatie>
				<GbaPersoon:BSN>299999993</GbaPersoon:BSN>
				<GbaPersoon:naam>
					<GbaPersoon:geslachtsnaam>Biemolt</GbaPersoon:geslachtsnaam>
					<GbaPersoon:voornamen>Ilona</GbaPersoon:voornamen>
				</GbaPersoon:naam>
				<GbaPersoon:geslacht>
					<GbaPersoon:geslachtsaanduiding>
						<Typen:code>V</Typen:code>
						<Typen:waarde>Vrouw</Typen:waarde>
					</GbaPersoon:geslachtsaanduiding>
				</GbaPersoon:geslacht>
				<GbaPersoon:aanduidingNaamgebruik>
					<Typen:code>E</Typen:code>
					<Typen:waarde>Eigen geslachtsnaam</Typen:waarde>
				</GbaPersoon:aanduidingNaamgebruik>
				<GbaPersoon:geboorte>
					<GbaPersoon:geboortedatum>1981-05-19</GbaPersoon:geboortedatum>
					<GbaPersoon:geboorteplaats>DIEVER</GbaPersoon:geboorteplaats>
					<GbaPersoon:geboorteland>
						<Typen:code>6030</Typen:code>
						<Typen:waarde>Nederland</Typen:waarde>
					</GbaPersoon:geboorteland>
				</GbaPersoon:geboorte>
			</GbaPersoon:Ingezetene>
			<Persoon:KADNietNatuurlijkPersoon id="ID.65842473">
				<Persoon:identificatie>
					<NEN3610:namespace>NL.KAD.Persoon</NEN3610:namespace>
					<NEN3610:lokaalId>58162773</NEN3610:lokaalId>
				</Persoon:identificatie>
				<Persoon:naam>Vereniging Van Eigenaars Langedijk 30 Tot En Met 40 Even Nummers</Persoon:naam>
				<Persoon:rechtsvorm>
					<Typen:code>13</Typen:code>
					<Typen:waarde>Vereniging van eigenaren</Typen:waarde>
				</Persoon:rechtsvorm>
				<Persoon:statutaireZetel>ASSEN</Persoon:statutaireZetel>
			</Persoon:KADNietNatuurlijkPersoon>
			<Stuk:TerInschrijvingAangebodenStuk id="ID.65857633">
				<Stuk:identificatie>
					<NEN3610:namespace>NL.KAD.TIAStuk</NEN3610:namespace>
					<NEN3610:lokaalId>20060202007531</NEN3610:lokaalId>
				</Stuk:identificatie>
				<Stuk:omvat>
					<Stuk:Stukdeel id="ID.65864523">
						<Stuk:identificatie>
							<NEN3610:namespace>NL.KAD.Stukdeel</NEN3610:namespace>
							<NEN3610:lokaalId>AKR1.10574255</NEN3610:lokaalId>
						</Stuk:identificatie>
						<Stuk:aardStukdeel nilReason="waardeOnbekend">
							<Typen:code>NIL</Typen:code>
							<Typen:waarde>NIL</Typen:waarde>
						</Stuk:aardStukdeel>
					</Stuk:Stukdeel>
				</Stuk:omvat>
				<Stuk:tijdstipAanbieding>2006-02-02T09:00:00</Stuk:tijdstipAanbieding>
				<Stuk:deelEnNummer>
					<Stuk:deel>8091</Stuk:deel>
					<Stuk:nummer>41</Stuk:nummer>
					<Stuk:reeks>
						<Typen:code>ASN</Typen:code>
						<Typen:waarde>Assen</Typen:waarde>
					</Stuk:reeks>
					<Stuk:registercode>
						<Typen:code>2</Typen:code>
						<Typen:waarde>Hyp4</Typen:waarde>
					</Stuk:registercode>
					<Stuk:soortRegister>
						<Typen:code>2</Typen:code>
						<Typen:waarde>Onroerende Zaken</Typen:waarde>
					</Stuk:soortRegister>
				</Stuk:deelEnNummer>
			</Stuk:TerInschrijvingAangebodenStuk>
			<Stuk:Kadasterstuk id="ID.65857635">
				<Stuk:identificatie>
					<NEN3610:namespace>NL.KAD.Kadasterstuk</NEN3610:namespace>
					<NEN3610:lokaalId>AKR1.10991308</NEN3610:lokaalId>
				</Stuk:identificatie>
				<Stuk:omvat>
					<Stuk:Stukdeel id="ID.65865807">
						<Stuk:identificatie>
							<NEN3610:namespace>NL.KAD.Stukdeel</NEN3610:namespace>
							<NEN3610:lokaalId>AKR1.10488948</NEN3610:lokaalId>
						</Stuk:identificatie>
						<Stuk:aardStukdeel nilReason="waardeOnbekend">
							<Typen:code>NIL</Typen:code>
							<Typen:waarde>NIL</Typen:waarde>
						</Stuk:aardStukdeel>
					</Stuk:Stukdeel>
				</Stuk:omvat>
				<Stuk:AKRPortefeuilleNr>84 ASN0029210ASN</Stuk:AKRPortefeuilleNr>
			</Stuk:Kadasterstuk>
		</Snapshot:KadastraalObjectSnapshot>
	</Mutatie:was>
	<Mutatie:wordt>
		<Snapshot:KadastraalObjectSnapshot>
			<Snapshot:referentie>30FC59455D96-1D3C86CCA4E</Snapshot:referentie>
			<Snapshot:toestandsdatum>2009-11-23</Snapshot:toestandsdatum>
			<KadastraalObject:Appartementsrecht id="ID.66773051">
				<KadastraalObject:identificatie>
					<NEN3610:namespace>NL.KAD.OnroerendeZaak</NEN3610:namespace>
					<NEN3610:lokaalId>53860387610006</NEN3610:lokaalId>
				</KadastraalObject:identificatie>
				<KadastraalObject:koopsom>
					<KadastraalObject:bedrag>
						<Typen:som>119000</Typen:som>
						<Typen:valuta>
							<Typen:code>EUR</Typen:code>
							<Typen:waarde>Euro</Typen:waarde>
						</Typen:valuta>
					</KadastraalObject:bedrag>
					<KadastraalObject:koopjaar>2009</KadastraalObject:koopjaar>
					<KadastraalObject:indicatieMeerObjecten>true</KadastraalObject:indicatieMeerObjecten>
				</KadastraalObject:koopsom>
				<KadastraalObject:heeftLocatie>
					<KadastraalObject:LocatieKadastraalObject>
						<KadastraalObject:cultuurBebouwd>
							<Typen:code>12</Typen:code>
							<Typen:waarde>Wonen (appartement)</Typen:waarde>
						</KadastraalObject:cultuurBebouwd>
						<KadastraalObject:adres>
							<Adres:KADBinnenlandsAdres>
								<Adres:openbareRuimteNaam>LANGEDK</Adres:openbareRuimteNaam>
								<Adres:huisNummer>36</Adres:huisNummer>
								<Adres:postcode>9406GK</Adres:postcode>
								<Adres:woonplaatsNaam>ASSEN</Adres:woonplaatsNaam>
							</Adres:KADBinnenlandsAdres>
						</KadastraalObject:adres>
					</KadastraalObject:LocatieKadastraalObject>
				</KadastraalObject:heeftLocatie>
				<KadastraalObject:kadastraleAanduiding>
					<KadastraalObject:AKRKadastraleGemeenteCode>
						<Typen:code>106</Typen:code>
						<Typen:waarde>ASN00</Typen:waarde>
					</KadastraalObject:AKRKadastraleGemeenteCode>
					<KadastraalObject:naamKadastraleGemeente>
						<Typen:code>59</Typen:code>
						<Typen:waarde>Assen</Typen:waarde>
					</KadastraalObject:naamKadastraleGemeente>
					<KadastraalObject:sectie>T</KadastraalObject:sectie>
					<KadastraalObject:perceelnummer>3876</KadastraalObject:perceelnummer>
					<KadastraalObject:appartementsrechtVolgnummer>6</KadastraalObject:appartementsrechtVolgnummer>
				</KadastraalObject:kadastraleAanduiding>
			</KadastraalObject:Appartementsrecht>
			<Recht:ZakelijkRecht id="ID.66773055">
				<Recht:identificatie>
					<NEN3610:namespace>NL.KAD.ZakelijkRecht</NEN3610:namespace>
					<NEN3610:lokaalId>AKR1.100000001270988</NEN3610:lokaalId>
				</Recht:identificatie>
				<Recht:aard>
					<Typen:code>2</Typen:code>
					<Typen:waarde>Eigendom (recht van)</Typen:waarde>
				</Recht:aard>
				<Recht:rustOp>
					<KadastraalObjectRef:AppartementsrechtRef xlink:href="#ID.66773051"/>
				</Recht:rustOp>
				<Recht:ontstaanUit>
					<Recht:HoofdSplitsing>
						<Recht:verenigingVanEigenaren>
							<PersoonRef:KADNietNatuurlijkPersoonRef xlink:href="#ID.66773061"/>
						</Recht:verenigingVanEigenaren>
						<Recht:isGebaseerdOp>
							<StukRef:StukdeelRef xlink:href="#ID.66773059"/>
						</Recht:isGebaseerdOp>
					</Recht:HoofdSplitsing>
				</Recht:ontstaanUit>
			</Recht:ZakelijkRecht>
			<Recht:Tenaamstelling id="ID.66773073">
				<Recht:identificatie>
					<NEN3610:namespace>NL.KAD.Tenaamstelling</NEN3610:namespace>
					<NEN3610:lokaalId>AKR1.100000001270988</NEN3610:lokaalId>
				</Recht:identificatie>
				<Recht:isGebaseerdOp>
					<StukRef:StukdeelRef xlink:href="#ID.66773069"/>
				</Recht:isGebaseerdOp>
				<Recht:vanPersoon>
					<PersoonRef:KADNatuurlijkPersoonRef xlink:href="#ID.66773063"/>
				</Recht:vanPersoon>
				<Recht:aandeel>
					<Recht:teller>1</Recht:teller>
					<Recht:noemer>1</Recht:noemer>
				</Recht:aandeel>
				<Recht:burgerlijkeStaatTenTijdeVanVerkrijging>
					<Typen:code>2</Typen:code>
					<Typen:waarde>Ongehuwd en geen geregistreerd partnerschap</Typen:waarde>
				</Recht:burgerlijkeStaatTenTijdeVanVerkrijging>
				<Recht:van>
					<RechtRef:ZakelijkRechtRef xlink:href="#ID.66773055"/>
				</Recht:van>
			</Recht:Tenaamstelling>
			<Persoon:KADNatuurlijkPersoon id="ID.66773063">
				<Persoon:identificatie>
					<NEN3610:namespace>NL.KAD.Persoon</NEN3610:namespace>
					<NEN3610:lokaalId>326418015</NEN3610:lokaalId>
				</Persoon:identificatie>
				<Persoon:woonlocatie>
					<Adres:KADBinnenlandsAdres>
						<Adres:openbareRuimteNaam>Ganzevoortsingel</Adres:openbareRuimteNaam>
						<Adres:huisNummer>24</Adres:huisNummer>
						<Adres:postcode>9711AM</Adres:postcode>
						<Adres:woonplaatsNaam>GRONINGEN</Adres:woonplaatsNaam>
					</Adres:KADBinnenlandsAdres>
				</Persoon:woonlocatie>
				<Persoon:geslacht>
					<Typen:code>2</Typen:code>
					<Typen:waarde>Vrouw</Typen:waarde>
				</Persoon:geslacht>
				<Persoon:voornamen>Sandra Elisabeth</Persoon:voornamen>
				<Persoon:geslachtsnaam>Afman</Persoon:geslachtsnaam>
				<Persoon:geboorteplaats>MARKELO</Persoon:geboorteplaats>
				<Persoon:geboortedatum>1988-07-26</Persoon:geboortedatum>
				<Persoon:indicatieOverleden>false</Persoon:indicatieOverleden>
			</Persoon:KADNatuurlijkPersoon>
			<Persoon:KADNietNatuurlijkPersoon id="ID.66773061">
				<Persoon:identificatie>
					<NEN3610:namespace>NL.KAD.Persoon</NEN3610:namespace>
					<NEN3610:lokaalId>58162773</NEN3610:lokaalId>
				</Persoon:identificatie>
				<Persoon:naam>Vereniging Van Eigenaars Langedijk 30 Tot En Met 40 Even Nummers</Persoon:naam>
				<Persoon:rechtsvorm>
					<Typen:code>13</Typen:code>
					<Typen:waarde>Vereniging van eigenaren</Typen:waarde>
				</Persoon:rechtsvorm>
				<Persoon:statutaireZetel>ASSEN</Persoon:statutaireZetel>
			</Persoon:KADNietNatuurlijkPersoon>
			<Stuk:TerInschrijvingAangebodenStuk id="ID.66773067">
				<Stuk:identificatie>
					<NEN3610:namespace>NL.KAD.TIAStuk</NEN3610:namespace>
					<NEN3610:lokaalId>20091123000674</NEN3610:lokaalId>
				</Stuk:identificatie>
				<Stuk:omvat>
					<Stuk:Stukdeel id="ID.66773069">
						<Stuk:identificatie>
							<NEN3610:namespace>NL.KAD.Stukdeel</NEN3610:namespace>
							<NEN3610:lokaalId>AKR1.100000001218795</NEN3610:lokaalId>
						</Stuk:identificatie>
						<Stuk:aardStukdeel>
							<Typen:code>001</Typen:code>
							<Typen:waarde>Akte van Koop en Verkoop</Typen:waarde>
						</Stuk:aardStukdeel>
						<Stuk:bedragTransactiesomLevering>
							<Typen:som>119000</Typen:som>
							<Typen:valuta>
								<Typen:code>EUR</Typen:code>
								<Typen:waarde>Euro</Typen:waarde>
							</Typen:valuta>
						</Stuk:bedragTransactiesomLevering>
					</Stuk:Stukdeel>
					<Stuk:Stukdeel id="ID.66773071">
						<Stuk:identificatie>
							<NEN3610:namespace>NL.KAD.Stukdeel</NEN3610:namespace>
							<NEN3610:lokaalId>AKR1.100000001218669</NEN3610:lokaalId>
						</Stuk:identificatie>
						<Stuk:aardStukdeel>
							<Typen:code>001</Typen:code>
							<Typen:waarde>Akte van Koop en Verkoop</Typen:waarde>
						</Stuk:aardStukdeel>
					</Stuk:Stukdeel>
				</Stuk:omvat>
				<Stuk:tijdstipAanbieding>2009-11-23T09:00:00</Stuk:tijdstipAanbieding>
				<Stuk:deelEnNummer>
					<Stuk:deel>57487</Stuk:deel>
					<Stuk:nummer>35</Stuk:nummer>
					<Stuk:registercode>
						<Typen:code>2</Typen:code>
						<Typen:waarde>Onroerende Zaken</Typen:waarde>
					</Stuk:registercode>
					<Stuk:soortRegister>
						<Typen:code>2</Typen:code>
						<Typen:waarde>Hyp4</Typen:waarde>
					</Stuk:soortRegister>
				</Stuk:deelEnNummer>
			</Stuk:TerInschrijvingAangebodenStuk>
			<Stuk:Kadasterstuk id="ID.66773057">
				<Stuk:identificatie>
					<NEN3610:namespace>NL.KAD.Kadasterstuk</NEN3610:namespace>
					<NEN3610:lokaalId>AKR1.10991308</NEN3610:lokaalId>
				</Stuk:identificatie>
				<Stuk:omvat>
					<Stuk:Stukdeel id="ID.66773059">
						<Stuk:identificatie>
							<NEN3610:namespace>NL.KAD.Stukdeel</NEN3610:namespace>
							<NEN3610:lokaalId>AKR1.10488948</NEN3610:lokaalId>
						</Stuk:identificatie>
						<Stuk:aardStukdeel nilReason="waardeOnbekend">
							<Typen:code>NIL</Typen:code>
							<Typen:waarde>NIL</Typen:waarde>
						</Stuk:aardStukdeel>
					</Stuk:Stukdeel>
				</Stuk:omvat>
				<Stuk:AKRPortefeuilleNr>84 ASN0029210ASN</Stuk:AKRPortefeuilleNr>
			</Stuk:Kadasterstuk>
		</Snapshot:KadastraalObjectSnapshot>
	</Mutatie:wordt>
</Mutatie:Mutatie>
