<?xml version="1.0" encoding="UTF-8"?>
<!-- edited with XMLSpy v2015 sp2 (http://www.altova.com) by Johan Boer (Kwaliteits Instituut Nederlandse Gemeenten) -->
<BG:zkrLk01 xmlns:gml="http://www.opengis.net/gml" xmlns:StUF="http://www.egem.nl/StUF/StUF0301" xmlns:BG="http://www.egem.nl/StUF/sector/bg/0310" xmlns:xsi="http://www.w3.org/2001/XMLSchema-instance" xsi:schemaLocation="http://www.egem.nl/StUF/sector/bg/0310 ../../berichtschema/bg0310/mutatie/bg0310_msg_mutatie.xsd"> 
	<BG:stuurgegevens>
		<StUF:berichtcode>Lk01</StUF:berichtcode>
		<StUF:zender>
			<StUF:applicatie>Zendapplicatie</StUF:applicatie>
		</StUF:zender>
		<StUF:ontvanger>
			<StUF:applicatie>Ontvangapplicatie</StUF:applicatie>
		</StUF:ontvanger>
		<StUF:referentienummer>123456789</StUF:referentienummer>
		<StUF:tijdstipBericht>201512081558</StUF:tijdstipBericht>
		<StUF:entiteittype>ZKR</StUF:entiteittype>
	</BG:stuurgegevens>
	<BG:parameters>
		<StUF:mutatiesoort>W</StUF:mutatiesoort>
		<StUF:indicatorOvername>V</StUF:indicatorOvername>
	</BG:parameters>
	<BG:object StUF:sleutelVerzendend="AKR1.100000001270988" StUF:entiteittype="ZKR" StUF:verwerkingssoort="T">
		<BG:identificatie>AKR1.100000001270988</BG:identificatie>
		<BG:avr.aard>VE</BG:avr.aard>
		<BG:aandeelRecht>
			<BG:teller>1</BG:teller>
			<BG:noemer>1</BG:noemer>
		</BG:aandeelRecht>
		<BG:brondocument StUF:metagegeven="true">
			<BG:identificatie>20091123000674</BG:identificatie>
		</BG:brondocument >
		<BG:ingangsdatumRecht>20091123</BG:ingangsdatumRecht>
		<StUF:tijdvakGeldigheid>
			<StUF:beginGeldigheid>20091123</StUF:beginGeldigheid>
			<StUF:eindGeldigheid xsi:nil="true" StUF:noValue="geenWaarde"></StUF:eindGeldigheid>
		</StUF:tijdvakGeldigheid>
		<StUF:extraElementen>
			<StUF:extraElement naam="geldtVoorAandeel">N</StUF:extraElement>
		</StUF:extraElementen>
		<BG:heeftBetrekkingOp StUF:entiteittype="ZKRKOZ" StUF:verwerkingssoort="I">
			<BG:gerelateerde StUF:entiteittype="KOZ" StUF:verwerkingssoort="I">
				<BG:kadastraleIdentificatie>53860387610006</BG:kadastraleIdentificatie>
				<BG:authentiek StUF:metagegeven="true">J</BG:authentiek>
				<BG:kadastraleAanduiding>
					<BG:kadastraleGemeentecode>ASN00</BG:kadastraleGemeentecode>
					<BG:kadastraleSectie>T</BG:kadastraleSectie>
					<BG:kadastraalPerceelnummer>3876</BG:kadastraalPerceelnummer>
					<BG:apr.appartementsIndex>6</BG:apr.appartementsIndex>
				</BG:kadastraleAanduiding>
			</BG:gerelateerde>
		</BG:heeftBetrekkingOp>
		<BG:heeftAlsGerechtigde StUF:entiteittype="ZKRRPS" StUF:verwerkingssoort="I">
			<BG:gerelateerde>
				<BG:natuurlijkPersoon StUF:sleutelVerzendend="326418015" StUF:entiteittype="NPS" StUF:verwerkingssoort="I">
					<BG:inp.bsn xsi:nil="true" StUF:noValue="waardeOnbekend"></BG:inp.bsn>
					<BG:authentiek StUF:metagegeven="true">N</BG:authentiek>
					<BG:geslachtsnaam>Afman</BG:geslachtsnaam>
					<BG:voorletters>S.E.</BG:voorletters>
					<BG:voornamen>Sandra Elisabeth</BG:voornamen>
					<BG:geslachtsaanduiding>V</BG:geslachtsaanduiding>
					<BG:geboortedatum>19880726</BG:geboortedatum>
					<BG:verblijfsadres>						
						<BG:wpl.woonplaatsNaam>GRONINGEN</BG:wpl.woonplaatsNaam>
						<BG:gor.openbareRuimteNaam>Ganzevoortsingel</BG:gor.openbareRuimteNaam>
						<BG:aoa.postcode>9711AM</BG:aoa.postcode>
						<BG:aoa.huisnummer>24</BG:aoa.huisnummer>
					</BG:verblijfsadres>
				</BG:natuurlijkPersoon>
			</BG:gerelateerde>
		</BG:heeftAlsGerechtigde>
		</BG:object>
</BG:zkrLk01>