<?xml version="1.0" encoding="UTF-8"?>
<!-- edited with XMLSpy v2015 sp2 (http://www.altova.com) by Johan Boer (Kwaliteits Instituut Nederlandse Gemeenten) -->
<BG:kozLk01 xmlns:gml="http://www.opengis.net/gml" xmlns:StUF="http://www.egem.nl/StUF/StUF0301" xmlns:BG="http://www.egem.nl/StUF/sector/bg/0310" xmlns:xsi="http://www.w3.org/2001/XMLSchema-instance" xsi:schemaLocation="http://www.egem.nl/StUF/sector/bg/0310 ../../berichtschema/bg0310/mutatie/bg0310_msg_mutatie.xsd">
	<BG:stuurgegevens>
		<StUF:berichtcode>Lk01</StUF:berichtcode>
		<StUF:zender>
			<StUF:applicatie>Zendapplicatie</StUF:applicatie>
		</StUF:zender>
		<StUF:ontvanger>
			<StUF:applicatie>Ontvangapplicatie</StUF:applicatie>
		</StUF:ontvanger>
		<StUF:referentienummer>123456789</StUF:referentienummer>
		<StUF:tijdstipBericht>201512081556</StUF:tijdstipBericht>
		<StUF:entiteittype>KOZ</StUF:entiteittype>
	</BG:stuurgegevens>
	<BG:parameters>
		<StUF:mutatiesoort>W</StUF:mutatiesoort>
		<StUF:indicatorOvername>V</StUF:indicatorOvername>
	</BG:parameters>
	<BG:object StUF:sleutelVerzendend="53830459170000" StUF:entiteittype="KOZ" StUF:verwerkingssoort="W">
		<BG:kadastraleIdentificatie>53830459170000</BG:kadastraleIdentificatie>
		<BG:authentiek StUF:metagegeven="true">J</BG:authentiek>
		<BG:typering>G</BG:typering>
		<BG:kadastraleAanduiding>
			<BG:kadastraleGemeentecode>ASN00</BG:kadastraleGemeentecode>
			<BG:kadastraleSectie>Q</BG:kadastraleSectie>
			<BG:kadastraalPerceelnummer>4591</BG:kadastraalPerceelnummer>
			<BG:kdp.deelperceelNummer>0000</BG:kdp.deelperceelNummer>
		</BG:kadastraleAanduiding>
		<BG:kadastraleGemeentenaam>Assen</BG:kadastraleGemeentenaam>
		<BG:locatieOnroerendeZaak>
			<BG:locatieOmschrijving>H V BINGENWG 111 9408BH ASSEN</BG:locatieOmschrijving>
			<BG:cultuurBebouwd>Wonen</BG:cultuurBebouwd>
		</BG:locatieOnroerendeZaak>
		<BG:kdp.plaatscoordinaten>
			<gml:Point srsName="urn:ogc:def:crs:EPSG::28992">
				<gml:pos>230266.164 558040.067</gml:pos>
			</gml:Point>
		</BG:kdp.plaatscoordinaten>
		<BG:kdp.grootte>302</BG:kdp.grootte>
		<BG:kdp.vastgesteldeGrootte>true</BG:kdp.vastgesteldeGrootte>
		<BG:kdp.begrenzing>
			<gml:Surface srsName="urn:ogc:def:crs:EPSG::28992">
						<gml:patches>
							<gml:PolygonPatch>
								<gml:exterior>
									<gml:LinearRing>
										<gml:posList srsDimension="2" count="7">230268.259 558060.325 230258.25 558058.018 230264.858 558029.429 230274.865 558031.682 230271.468 558046.415 230269.4 558055.467 230268.259 558060.325</gml:posList>
									</gml:LinearRing>
								</gml:exterior>
							</gml:PolygonPatch>
						</gml:patches>
					</gml:Surface>
		</BG:kdp.begrenzing>
		<BG:ingangsdatumObject>20091031</BG:ingangsdatumObject>
		<StUF:tijdvakGeldigheid>
			<StUF:beginGeldigheid>20091031</StUF:beginGeldigheid>
			<StUF:eindGeldigheid>20091102</StUF:eindGeldigheid>
		</StUF:tijdvakGeldigheid>
		<StUF:tijdstipRegistratie>201512091435</StUF:tijdstipRegistratie>
		<StUF:extraElementen>
			<StUF:extraElement naam="rotatie">-1.3436</StUF:extraElement>
			<StUF:extraElement xsi:nil="true" StUF:noValue="waardeOnbekend" naam="stukdatum"></StUF:extraElement>
			<StUF:extraElement xsi:nil="true" StUF:noValue="waardeOnbekend" naam="typeGebeurtenis"></StUF:extraElement>
			<StUF:extraElement xsi:nil="true" StUF:noValue="waardeOnbekend" naam="stuknummer"></StUF:extraElement>
			<StUF:extraElement xsi:nil="true" StUF:noValue="waardeOnbekend" naam="aardStukdeel"></StUF:extraElement>
		</StUF:extraElementen>
		<BG:isOntstaanUit StUF:verwerkingssoort="W" StUF:entiteittype="KOZKOZVAN">
			 <BG:gerelateerde StUF:entiteittype="KOZ" StUF:verwerkingssoort="I">
				<BG:kadastraleIdentificatie>53830407540125</BG:kadastraleIdentificatie>
				<BG:authentiek StUF:metagegeven="true">J</BG:authentiek>
			 </BG:gerelateerde>
			<BG:overgangsgrootte>302</BG:overgangsgrootte>
			<BG:aard>V</BG:aard>
		</BG:isOntstaanUit>
		<BG:heeftAlsVoornaamsteZakelijkGerechtigde StUF:entiteittype="KOZRPSVZG" StUF:verwerkingssoort="V">
			<BG:gerelateerde>
				<BG:natuurlijkPersoon StUF:entiteittype="NPS" StUF:verwerkingssoort="I">
					<BG:inp.bsn>299999993</BG:inp.bsn>
					<BG:authentiek StUF:metagegeven="true">N</BG:authentiek>
					<BG:geslachtsnaam>Nauta</BG:geslachtsnaam>
					<BG:voorletters>N.A.J.</BG:voorletters>
					<BG:voornamen>Nathalie Angela Juliëtte</BG:voornamen>
					<BG:geslachtsaanduiding>V</BG:geslachtsaanduiding>
					<BG:geboortedatum>19700724</BG:geboortedatum>
					<BG:verblijfsadres>						
						<BG:wpl.woonplaatsNaam>ASSEN</BG:wpl.woonplaatsNaam>
						<BG:gor.openbareRuimteNaam>Hildegard van Bingenweg</BG:gor.openbareRuimteNaam>
						<BG:aoa.postcode>9408BH</BG:aoa.postcode>
						<BG:aoa.huisnummer>11</BG:aoa.huisnummer>
					</BG:verblijfsadres>
				</BG:natuurlijkPersoon>
			</BG:gerelateerde>
			<StUF:tijdvakRelatie>
				<StUF:beginRelatie>200906030900</StUF:beginRelatie>
				<StUF:eindRelatie>20091102</StUF:eindRelatie>
			</StUF:tijdvakRelatie>
			<StUF:tijdstipRegistratie StUF:exact="true">201512110900</StUF:tijdstipRegistratie>
		</BG:heeftAlsVoornaamsteZakelijkGerechtigde>
	</BG:object>
	<BG:object StUF:sleutelVerzendend="53830459170000" StUF:entiteittype="KOZ" StUF:verwerkingssoort="W">
		<BG:kadastraleIdentificatie>53830459170000</BG:kadastraleIdentificatie>
		<BG:authentiek StUF:metagegeven="true">J</BG:authentiek>
		<BG:typering>G</BG:typering>
		<BG:kadastraleAanduiding>
			<BG:kadastraleGemeentecode>ASN00</BG:kadastraleGemeentecode>
			<BG:kadastraleSectie>Q</BG:kadastraleSectie>
			<BG:kadastraalPerceelnummer>a</BG:kadastraalPerceelnummer>
			<BG:kdp.deelperceelNummer>4591</BG:kdp.deelperceelNummer>
		</BG:kadastraleAanduiding>
		<BG:kadastraleGemeentenaam>Assen</BG:kadastraleGemeentenaam>
		<BG:locatieOnroerendeZaak >
			<BG:locatieOmschrijving>H V BINGENWG 111 9408BH ASSEN</BG:locatieOmschrijving>
			<BG:cultuurBebouwd>Wonen</BG:cultuurBebouwd>
		</BG:locatieOnroerendeZaak>
		<BG:kdp.plaatscoordinaten>
					<gml:Point srsName="urn:ogc:def:crs:EPSG::28992">
						<gml:pos>230266.164 558040.067</gml:pos>
					</gml:Point>
		</BG:kdp.plaatscoordinaten>
		<BG:kdp.grootte>302</BG:kdp.grootte>
		<BG:kdp.vastgesteldeGrootte>true</BG:kdp.vastgesteldeGrootte>
		<BG:kdp.begrenzing>
			<gml:Surface srsName="urn:ogc:def:crs:EPSG::28992">
						<gml:patches>
							<gml:PolygonPatch>
								<gml:exterior>
									<gml:LinearRing>
										<gml:posList srsDimension="2" count="7">230268.259 558060.325 230258.25 558058.018 230264.858 558029.429 230274.865 558031.682 230271.468 558046.415 230269.4 558055.467 230268.259 558060.325</gml:posList>
									</gml:LinearRing>
								</gml:exterior>
							</gml:PolygonPatch>
						</gml:patches>
					</gml:Surface>
		</BG:kdp.begrenzing>
		<BG:koopsom>
			<BG:bedrag>210000</BG:bedrag>
			<BG:valutasoort>EUR</BG:valutasoort>
			<BG:aardBedrag xsi:nil="true" StUF:noValue="waardeOnbekend"></BG:aardBedrag>
			<BG:koopjaar>2009</BG:koopjaar>
			<BG:transactiedatum>20091102</BG:transactiedatum>
			<BG:meerOnroerendGoed>false</BG:meerOnroerendGoed>
		</BG:koopsom>
		<BG:ingangsdatumObject>20091102</BG:ingangsdatumObject>
		<StUF:tijdvakGeldigheid>
			<StUF:beginGeldigheid>20091102</StUF:beginGeldigheid>
			<StUF:eindGeldigheid xsi:nil="true" StUF:noValue="geenWaarde"></StUF:eindGeldigheid>
		</StUF:tijdvakGeldigheid>
		<StUF:extraElementen>
			<StUF:extraElement naam="rotatie">-1.3436</StUF:extraElement>
			<StUF:extraElement naam="stukdatum">20150701</StUF:extraElement>
			<StUF:extraElement naam="typeGebeurtenis">wijzigKOZ</StUF:extraElement>
			<StUF:extraElement naam="stuknummer">66399/183</StUF:extraElement>
			<StUF:extraElement naam="aarStukdeel">Akte van Koop en Verkoop</StUF:extraElement>
		</StUF:extraElementen>
		<BG:isOntstaanUit StUF:verwerkingssoort="W" StUF:entiteittype="KOZKOZVAN">
			 <BG:gerelateerde StUF:entiteittype="KOZ" StUF:verwerkingssoort="I">
				<BG:kadastraleIdentificatie>53830407540125</BG:kadastraleIdentificatie>
				<BG:authentiek StUF:metagegeven="true">J</BG:authentiek>
			 </BG:gerelateerde>
			<BG:overgangsgrootte>302</BG:overgangsgrootte>
			<BG:aard>V</BG:aard>
		</BG:isOntstaanUit>
		<BG:heeftAlsVoornaamsteZakelijkGerechtigde StUF:entiteittype="KOZRPSVZG" StUF:verwerkingssoort="T">
			<BG:gerelateerde>
				<BG:natuurlijkPersoon StUF:entiteittype="NPS" StUF:verwerkingssoort="I" >
					<BG:inp.bsn>299999993</BG:inp.bsn>
					<BG:authentiek StUF:metagegeven="true">N</BG:authentiek>
					<BG:geslachtsnaam>Bos</BG:geslachtsnaam>
					<BG:voorletters>G.W.</BG:voorletters>
					<BG:voornamen>Geert Willem</BG:voornamen>
					<BG:geslachtsaanduiding>M</BG:geslachtsaanduiding>
					<BG:geboortedatum>19770526</BG:geboortedatum>
					<BG:verblijfsadres>
						<BG:authentiek StUF:metagegeven="true">N</BG:authentiek>
						<BG:wpl.woonplaatsNaam>GRONINGEN</BG:wpl.woonplaatsNaam>
						<BG:gor.openbareRuimteNaam>Van Drielstlaan</BG:gor.openbareRuimteNaam>
						<BG:aoa.postcode>9744EW</BG:aoa.postcode>
						<BG:aoa.huisnummer>74</BG:aoa.huisnummer>
					</BG:verblijfsadres>
				</BG:natuurlijkPersoon>
			</BG:gerelateerde>
			<StUF:tijdvakRelatie>
				<StUF:beginRelatie>200911021227</StUF:beginRelatie>
				<StUF:eindRelatie xsi:nil="true" StUF:noValue="geenWaarde" ></StUF:eindRelatie>
			</StUF:tijdvakRelatie>
			</BG:heeftAlsVoornaamsteZakelijkGerechtigde>
	</BG:object>
</BG:kozLk01>
