<?xml version="1.0" encoding="UTF-8"?>
<!-- edited with XMLSpy v2015 sp2 (http://www.altova.com) by Johan Boer (Kwaliteits Instituut Nederlandse Gemeenten) -->
<BG:kzaLk01 xmlns:gml="http://www.opengis.net/gml" xmlns:StUF="http://www.egem.nl/StUF/StUF0301" xmlns:BG="http://www.egem.nl/StUF/sector/bg/0310" xmlns:xsi="http://www.w3.org/2001/XMLSchema-instance" xsi:schemaLocation="http://www.egem.nl/StUF/sector/bg/0310 ../../berichtschema/bg0310/mutatie/bg0310_msg_mutatie.xsd"> 
	<BG:stuurgegevens>
		<StUF:berichtcode>Lk01</StUF:berichtcode>
		<StUF:zender>
			<StUF:organisatie></StUF:organisatie>
			<StUF:applicatie>Zend-applicatie</StUF:applicatie>
			<StUF:administratie/>
		</StUF:zender>
		<StUF:ontvanger>
			<StUF:organisatie></StUF:organisatie>
			<StUF:applicatie>Ontvang-applicatie</StUF:applicatie>
			<StUF:administratie/>
		</StUF:ontvanger>
		<StUF:referentienummer>123456789</StUF:referentienummer>
		<StUF:tijdstipBericht>00000000</StUF:tijdstipBericht>
		<StUF:entiteittype>KZA</StUF:entiteittype>
	</BG:stuurgegevens>
	<BG:parameters>
		<StUF:mutatiesoort>W</StUF:mutatiesoort>
		<StUF:indicatorOvername>V</StUF:indicatorOvername>
	</BG:parameters>
	<BG:object StUF:entiteittype="KZA" StUF:sleutelVerzendend="AKR1.1663547" StUF:verwerkingssoort="W">
		<BG:identificatie>AKR1.1663547</BG:identificatie>
		<BG:omschrijving></BG:omschrijving>
		<BG:brondocument StUF:metagegeven="true">
			<BG:identificatie>20020725000392</BG:identificatie>
		</BG:brondocument>
		<BG:ingangsdatumObject>20020725</BG:ingangsdatumObject>
		<BG:einddatumObject xsi:nil="true" StUF:noValue="geenWaarde"/>
		<StUF:tijdvakGeldigheid>
			<StUF:beginGeldigheid>20020725</StUF:beginGeldigheid>
			<StUF:eindGeldigheid>20091102</StUF:eindGeldigheid>
		</StUF:tijdvakGeldigheid>
		<StUF:extraElementen>
			<StUF:extraElement naam="aardOmschrijving">Kwalitatieve verplichting</StUF:extraElement>
		</StUF:extraElementen>
		<BG:hoortBij StUF:entiteittype="KZAKOZ" StUF:verwerkingssoort="T">
			<BG:gerelateerde StUF:entiteittype="KOZ" StUF:verwerkingssoort="T">
				<BG:kadastraleIdentificatie>53830459170000</BG:kadastraleIdentificatie>
				<BG:authentiek StUF:metagegeven="true">J</BG:authentiek>
				<BG:kadastraleAanduiding>
					<BG:kadastraleGemeentecode>ASN00</BG:kadastraleGemeentecode>
					<BG:kadastraleSectie>Q</BG:kadastraleSectie>
					<BG:kadastraalPerceelnummer>4591</BG:kadastraalPerceelnummer>
					<BG:kdp.deelperceelNummer>4591</BG:kdp.deelperceelNummer>
				</BG:kadastraleAanduiding>
			</BG:gerelateerde>
		</BG:hoortBij>
	</BG:object>
	<BG:object StUF:entiteittype="KZA" StUF:sleutelVerzendend="AKR1.1663547" StUF:verwerkingssoort="W">
		<BG:identificatie>AKR1.1663547</BG:identificatie>
		<BG:omschrijving></BG:omschrijving>
		<BG:brondocument StUF:metagegeven="true">
			<BG:identificatie>20020725000392</BG:identificatie>
		</BG:brondocument>
		<BG:ingangsdatumObject>20020725</BG:ingangsdatumObject>
		<BG:einddatumObject xsi:nil="true" StUF:noValue="geenWaarde"/>
		<StUF:tijdvakGeldigheid>
			<StUF:beginGeldigheid>20020725</StUF:beginGeldigheid>
			<StUF:eindGeldigheid>20091102</StUF:eindGeldigheid>
		</StUF:tijdvakGeldigheid>
		<StUF:extraElementen>
			<StUF:extraElement naam="aardOmschrijving">Kwalitatieve verplichting</StUF:extraElement>
		</StUF:extraElementen>
		<BG:hoortBij StUF:entiteittype="KZAKOZ" StUF:verwerkingssoort="T">
			<BG:gerelateerde StUF:entiteittype="KOZ" StUF:verwerkingssoort="T">
				<BG:kadastraleIdentificatie>53830459170000</BG:kadastraleIdentificatie>
				<BG:authentiek StUF:metagegeven="true">J</BG:authentiek>
				<BG:kadastraleAanduiding>
					<BG:kadastraleGemeentecode>ASN00</BG:kadastraleGemeentecode>
					<BG:kadastraleSectie>Q</BG:kadastraleSectie>
					<BG:kadastraalPerceelnummer>4591</BG:kadastraalPerceelnummer>
					<BG:kdp.deelperceelNummer>4591</BG:kdp.deelperceelNummer>
				</BG:kadastraleAanduiding>
			</BG:gerelateerde>
		</BG:hoortBij>
	</BG:object>
</BG:kzaLk01>