<?xml version="1.0" encoding="UTF-8"?>
<!--Created by GO Publisher Agent 1.4.5-SNAPSHOT Build 25198 from 2011-09-20 12:51-->
<!--Snowflake Software Ltd. (http://www.snowflakesoftware.co.uk)-->
<Mutatie:Mutatie xmlns:xsi="http://www.w3.org/2001/XMLSchema-instance" xmlns:xs="http://www.w3.org/2001/XMLSchema" xmlns:Mutatie="http://www.kadaster.nl/schemas/brk-levering/product-mutatie/v20120901" xmlns:KadastraalObjectRef="http://www.kadaster.nl/schemas/brk-levering/snapshot/imkad-kadastraalobject-ref/v20120201" xmlns:xlink="http://www.w3.org/1999/xlink" xmlns:KadastraalObject="http://www.kadaster.nl/schemas/brk-levering/snapshot/imkad-kadastraalobject/v20120701" xmlns:NEN3610="http://www.kadaster.nl/schemas/brk-levering/snapshot/imkad-NEN3610-2011/v20120201" xmlns:Adres="http://www.kadaster.nl/schemas/brk-levering/snapshot/imkad-adres/v20120201" xmlns:Typen="http://www.kadaster.nl/schemas/brk-levering/snapshot/imkad-typen/v20120201" xmlns:BagAdres="http://www.kadaster.nl/schemas/brk-levering/snapshot/imkad-bag-adres/v20120201" xmlns:InOnderzoek="http://www.kadaster.nl/schemas/brk-levering/snapshot/imkad-inonderzoek/v20120201" xmlns:gml="http://www.opengis.net/gml" xmlns:smil20="http://www.w3.org/2001/SMIL20/" xmlns:smil20lang="http://www.w3.org/2001/SMIL20/Language" xmlns:StukRef="http://www.kadaster.nl/schemas/brk-levering/snapshot/imkad-stuk-ref/v20120201" xmlns:Stuk="http://www.kadaster.nl/schemas/brk-levering/snapshot/imkad-stuk/v20120201" xmlns:Snapshot="http://www.kadaster.nl/schemas/brk-levering/snapshot/v20120901" xmlns:GbaPersoon="http://www.kadaster.nl/schemas/brk-levering/snapshot/imkad-gba-persoon/v20120901" xmlns:Persoon="http://www.kadaster.nl/schemas/brk-levering/snapshot/imkad-persoon/v20120201" xmlns:NhrRechtspersoon="http://www.kadaster.nl/schemas/brk-levering/snapshot/imkad-nhr-rechtspersoon/v20120201" xmlns:Recht="http://www.kadaster.nl/schemas/brk-levering/snapshot/imkad-recht/v20120201" xmlns:GbaPersoonRef="http://www.kadaster.nl/schemas/brk-levering/snapshot/imkad-gba-persoon-ref/v20120201" xmlns:PersoonRef="http://www.kadaster.nl/schemas/brk-levering/snapshot/imkad-persoon-ref/v20120201" xmlns:NhrRechtspersoonRef="http://www.kadaster.nl/schemas/brk-levering/snapshot/imkad-nhr-rechtspersoon-ref/v20120201" xmlns:RechtRef="http://www.kadaster.nl/schemas/brk-levering/snapshot/imkad-recht-ref/v20120201" xsi:schemaLocation="http://www.kadaster.nl/schemas/brk-levering/product-mutatie/v20120901 BRKLeveringMutatie_v1_1_4.xsd">
	<Mutatie:aardStukdeel>
		<Typen:code>001</Typen:code>
		<Typen:waarde>Akte van Koop en Verkoop</Typen:waarde>
	</Mutatie:aardStukdeel>
	<Mutatie:BRKDatum>2009-11-02</Mutatie:BRKDatum>
	<Mutatie:volgnummerKadastraalObjectDatum>1</Mutatie:volgnummerKadastraalObjectDatum>
	<Mutatie:ingeschrevenStuk>
		<Mutatie:AanduidingTerInschrijvingAangebodenStuk>
			<Mutatie:stuk>
				<StukRef:TerInschrijvingAangebodenStukRef xlink:href="NL.KAD.TIAStuk.100000000322893"/>
			</Mutatie:stuk>
			<Mutatie:deelEnNummer>
				<Stuk:deel>57381</Stuk:deel>
				<Stuk:nummer>164</Stuk:nummer>
				<Stuk:registercode>
					<Typen:code>2</Typen:code>
					<Typen:waarde>Hyp4</Typen:waarde>
				</Stuk:registercode>
				<Stuk:soortRegister>
					<Typen:code>2</Typen:code>
					<Typen:waarde>Onroerende Zaken</Typen:waarde>
				</Stuk:soortRegister>
			</Mutatie:deelEnNummer>
		</Mutatie:AanduidingTerInschrijvingAangebodenStuk>5383045917000
	</Mutatie:ingeschrevenStuk>
	<Mutatie:kadastraalObject>
		<Mutatie:AanduidingKadastraalObject>
			<Mutatie:indicatieDeelperceel>false</Mutatie:indicatieDeelperceel>
			<Mutatie:kadastraleAanduiding>
				<KadastraalObject:AKRKadastraleGemeenteCode>
					<Typen:code>106</Typen:code>
					<Typen:waarde>ASN00</Typen:waarde>
				</KadastraalObject:AKRKadastraleGemeenteCode>
				<KadastraalObject:naamKadastraleGemeente>
					<Typen:code>59</Typen:code>
					<Typen:waarde>Assen</Typen:waarde>
				</KadastraalObject:naamKadastraleGemeente>
				<KadastraalObject:sectie>Q</KadastraalObject:sectie>
				<KadastraalObject:perceelnummer>4591</KadastraalObject:perceelnummer>
			</Mutatie:kadastraleAanduiding>
			<Mutatie:kadastraalObject>
				<KadastraalObjectRef:PerceelRef xlink:href="NL.KAD.OnroerendeZaak.53830459170000"/>
			</Mutatie:kadastraalObject>
		</Mutatie:AanduidingKadastraalObject>
	</Mutatie:kadastraalObject>
	<Mutatie:was>
		<Snapshot:KadastraalObjectSnapshot>
			<Snapshot:referentie>30F561659CD0-1D3C7E1EEFF</Snapshot:referentie>
			<Snapshot:toestandsdatum>2009-10-31</Snapshot:toestandsdatum>
			<KadastraalObject:Perceel id="ID.50486348">
				<KadastraalObject:identificatie>
					<NEN3610:namespace>NL.KAD.OnroerendeZaak</NEN3610:namespace>
					<NEN3610:lokaalId>53830459170000</NEN3610:lokaalId>
				</KadastraalObject:identificatie>
				<KadastraalObject:heeftLocatie>
					<KadastraalObject:LocatieKadastraalObject>
						<KadastraalObject:cultuurBebouwd>
							<Typen:code>11</Typen:code>
							<Typen:waarde>Wonen</Typen:waarde>
						</KadastraalObject:cultuurBebouwd>
						<KadastraalObject:adres>
							<Adres:KADBinnenlandsAdres>
								<Adres:openbareRuimteNaam>H V BINGENWG</Adres:openbareRuimteNaam>
								<Adres:huisNummer>111</Adres:huisNummer>
								<Adres:postcode>9408BH</Adres:postcode>
								<Adres:woonplaatsNaam>ASSEN</Adres:woonplaatsNaam>
							</Adres:KADBinnenlandsAdres>
						</KadastraalObject:adres>
					</KadastraalObject:LocatieKadastraalObject>
				</KadastraalObject:heeftLocatie>
				<KadastraalObject:kadastraleAanduiding>
					<KadastraalObject:AKRKadastraleGemeenteCode>
						<Typen:code>106</Typen:code>
						<Typen:waarde>ASN00</Typen:waarde>
					</KadastraalObject:AKRKadastraleGemeenteCode>
					<KadastraalObject:naamKadastraleGemeente>
						<Typen:code>59</Typen:code>
						<Typen:waarde>Assen</Typen:waarde>
					</KadastraalObject:naamKadastraleGemeente>
					<KadastraalObject:sectie>Q</KadastraalObject:sectie>
					<KadastraalObject:perceelnummer>4591</KadastraalObject:perceelnummer>
				</KadastraalObject:kadastraleAanduiding>
				<KadastraalObject:ontstaanUitOZ>
					<KadastraalObject:OnroerendeZaakFiliatie>
						<KadastraalObject:aard>
							<Typen:code>14</Typen:code>
							<Typen:waarde>Vernummering</Typen:waarde>
						</KadastraalObject:aard>
						<KadastraalObject:overgangsgrootte>302</KadastraalObject:overgangsgrootte>
						<KadastraalObject:onroerendeZaak>
							<KadastraalObjectRef:PerceelRef xlink:href="NL.KAD.OnroerendeZaak.53830407540125"/>
						</KadastraalObject:onroerendeZaak>
					</KadastraalObject:OnroerendeZaakFiliatie>
				</KadastraalObject:ontstaanUitOZ>
				<KadastraalObject:begrenzingPerceel>
					<gml:Surface srsName="urn:ogc:def:crs:EPSG::28992">
						<gml:patches>
							<gml:PolygonPatch>
								<gml:exterior>
									<gml:LinearRing>
										<gml:posList srsDimension="2" count="7">230268.259 558060.325 230258.25 558058.018 230264.858 558029.429 230274.865 558031.682 230271.468 558046.415 230269.4 558055.467 230268.259 558060.325</gml:posList>
									</gml:LinearRing>
								</gml:exterior>
							</gml:PolygonPatch>
						</gml:patches>
					</gml:Surface>
				</KadastraalObject:begrenzingPerceel>
				<KadastraalObject:indicatieDeelperceel>false</KadastraalObject:indicatieDeelperceel>
				<KadastraalObject:kadastraleGrootte>
					<KadastraalObject:waarde>302</KadastraalObject:waarde>
				</KadastraalObject:kadastraleGrootte>
				<KadastraalObject:soortGrootte>
					<Typen:code>1</Typen:code>
					<Typen:waarde>Vastgesteld</Typen:waarde>
				</KadastraalObject:soortGrootte>
				<KadastraalObject:perceelnummerRotatie>-1.3436</KadastraalObject:perceelnummerRotatie>
				<KadastraalObject:plaatscoordinaten>
					<gml:Point srsName="urn:ogc:def:crs:EPSG::28992">
						<gml:pos>230266.164 558040.067</gml:pos>
					</gml:Point>
				</KadastraalObject:plaatscoordinaten>
			</KadastraalObject:Perceel>
			<Recht:ZakelijkRecht id="ID.51167047">
				<Recht:identificatie>
					<NEN3610:namespace>NL.KAD.ZakelijkRecht</NEN3610:namespace>
					<NEN3610:lokaalId>AKR1.9642076</NEN3610:lokaalId>
				</Recht:identificatie>
				<Recht:aard>
					<Typen:code>2</Typen:code>
					<Typen:waarde>Eigendom (recht van)</Typen:waarde>
				</Recht:aard>
				<Recht:rustOp>
					<KadastraalObjectRef:PerceelRef xlink:href="#ID.50486348"/>
				</Recht:rustOp>
			</Recht:ZakelijkRecht>
			<Recht:Tenaamstelling id="ID.65605939">
				<Recht:identificatie>
					<NEN3610:namespace>NL.KAD.Tenaamstelling</NEN3610:namespace>
					<NEN3610:lokaalId>AKR1.9642076</NEN3610:lokaalId>
				</Recht:identificatie>
				<Recht:isGebaseerdOp>
					<StukRef:StukdeelRef xlink:href="#ID.65644479"/>
				</Recht:isGebaseerdOp>
				<Recht:vanPersoon>
					<GbaPersoonRef:IngezeteneRef xlink:href="#ID.65615927"/>
				</Recht:vanPersoon>
				<Recht:aandeel>
					<Recht:teller>1</Recht:teller>
					<Recht:noemer>1</Recht:noemer>
				</Recht:aandeel>
				<Recht:burgerlijkeStaatTenTijdeVanVerkrijging>
					<Typen:code>4</Typen:code>
					<Typen:waarde>Onbekend</Typen:waarde>
				</Recht:burgerlijkeStaatTenTijdeVanVerkrijging>
				<Recht:van>
					<RechtRef:ZakelijkRechtRef xlink:href="#ID.51167047"/>
				</Recht:van>
			</Recht:Tenaamstelling>
			<Recht:Aantekening id="ID.65714861">
				<Recht:identificatie>
					<NEN3610:namespace>NL.KAD.Aantekening</NEN3610:namespace>
					<NEN3610:lokaalId>AKR2.100000000605116</NEN3610:lokaalId>
				</Recht:identificatie>
				<Recht:aard>
					<Typen:code>7</Typen:code>
					<Typen:waarde>Koopovereenkomst, art. 7:3 BW en 10 WVG</Typen:waarde>
				</Recht:aard>
				<Recht:betreftAantekeningRecht>
					<Recht:AantekeningRecht>
						<Recht:heeftBetrekkingOp>
							<RechtRef:TenaamstellingRef xlink:href="#ID.65605939"/>
						</Recht:heeftBetrekkingOp>
					</Recht:AantekeningRecht>
				</Recht:betreftAantekeningRecht>
				<Recht:isGebaseerdOp>
					<StukRef:StukdeelRef xlink:href="#ID.65657563"/>
				</Recht:isGebaseerdOp>
				<Recht:betrokkenPersoon>
					<GbaPersoonRef:IngezeteneRef xlink:href="#ID.65615931"/>
				</Recht:betrokkenPersoon>
			</Recht:Aantekening>
			<Recht:Aantekening id="ID.65714863">
				<Recht:identificatie>
					<NEN3610:namespace>NL.KAD.Aantekening</NEN3610:namespace>
					<NEN3610:lokaalId>AKR2.100000000605115</NEN3610:lokaalId>
				</Recht:identificatie>
				<Recht:aard>
					<Typen:code>7</Typen:code>
					<Typen:waarde>Koopovereenkomst, art. 7:3 BW en 10 WVG</Typen:waarde>
				</Recht:aard>
				<Recht:betreftAantekeningRecht>
					<Recht:AantekeningRecht>
						<Recht:heeftBetrekkingOp>
							<RechtRef:TenaamstellingRef xlink:href="#ID.65605939"/>
						</Recht:heeftBetrekkingOp>
					</Recht:AantekeningRecht>
				</Recht:betreftAantekeningRecht>
				<Recht:isGebaseerdOp>
					<StukRef:StukdeelRef xlink:href="#ID.65657563"/>
				</Recht:isGebaseerdOp>
				<Recht:betrokkenPersoon>
					<GbaPersoonRef:IngezeteneRef xlink:href="#ID.65615929"/>
				</Recht:betrokkenPersoon>
			</Recht:Aantekening>
			<Recht:Aantekening id="ID.65716267">
				<Recht:identificatie>
					<NEN3610:namespace>NL.KAD.Aantekening</NEN3610:namespace>
					<NEN3610:lokaalId>AKR1.1663547</NEN3610:lokaalId>
				</Recht:identificatie>
				<Recht:aard>
					<Typen:code>67</Typen:code>
					<Typen:waarde>Kwalitatieve verplichting</Typen:waarde>
				</Recht:aard>
				<Recht:betreftAantekeningKadastraalObject>
					<Recht:AantekeningKadastraalObject>
						<Recht:heeftBetrekkingOp>
							<KadastraalObjectRef:PerceelRef xlink:href="#ID.50486348"/>
						</Recht:heeftBetrekkingOp>
					</Recht:AantekeningKadastraalObject>
				</Recht:betreftAantekeningKadastraalObject>
				<Recht:isGebaseerdOp>
					<StukRef:StukdeelRef xlink:href="#ID.65640141"/>
				</Recht:isGebaseerdOp>
			</Recht:Aantekening>
			<GbaPersoon:Ingezetene id="ID.65615931">
				<Persoon:identificatie>
					<NEN3610:namespace>NL.KAD.Persoon</NEN3610:namespace>
					<NEN3610:lokaalId>319654695</NEN3610:lokaalId>
				</Persoon:identificatie>
				<Persoon:woonlocatie>
					<Adres:KADBinnenlandsAdres>
						<Adres:openbareRuimteNaam>Van Drielstlaan</Adres:openbareRuimteNaam>
						<Adres:huisNummer>74</Adres:huisNummer>
						<Adres:postcode>9744EW</Adres:postcode>
						<Adres:woonplaatsNaam>GRONINGEN</Adres:woonplaatsNaam>
					</Adres:KADBinnenlandsAdres>
				</Persoon:woonlocatie>
				<GbaPersoon:BSN>299999993</GbaPersoon:BSN>
				<GbaPersoon:naam>
					<GbaPersoon:geslachtsnaam>Mulder</GbaPersoon:geslachtsnaam>
					<GbaPersoon:voornamen>Marleen</GbaPersoon:voornamen>
				</GbaPersoon:naam>
				<GbaPersoon:geslacht>
					<GbaPersoon:geslachtsaanduiding>
						<Typen:code>V</Typen:code>
						<Typen:waarde>Vrouw</Typen:waarde>
					</GbaPersoon:geslachtsaanduiding>
				</GbaPersoon:geslacht>
				<GbaPersoon:aanduidingNaamgebruik>
					<Typen:code>V</Typen:code>
					<Typen:waarde>Geslachtsnaam echtgenoot/geregistreerd partner voor eigen geslachtsnaam</Typen:waarde>
				</GbaPersoon:aanduidingNaamgebruik>
				<GbaPersoon:geboorte>
					<GbaPersoon:geboortedatum>1978-08-29</GbaPersoon:geboortedatum>
					<GbaPersoon:geboorteplaats>COEVORDEN</GbaPersoon:geboorteplaats>
					<GbaPersoon:geboorteland>
						<Typen:code>6030</Typen:code>
						<Typen:waarde>Nederland</Typen:waarde>
					</GbaPersoon:geboorteland>
				</GbaPersoon:geboorte>
				<GbaPersoon:heeftPartnerschap>
					<GbaPersoon:Partnerschap>
						<GbaPersoon:naamPartner>
							<GbaPersoon:geslachtsnaam>Bos</GbaPersoon:geslachtsnaam>
						</GbaPersoon:naamPartner>
					</GbaPersoon:Partnerschap>
				</GbaPersoon:heeftPartnerschap>
			</GbaPersoon:Ingezetene>
			<GbaPersoon:Ingezetene id="ID.65615927">
				<Persoon:identificatie>
					<NEN3610:namespace>NL.KAD.Persoon</NEN3610:namespace>
					<NEN3610:lokaalId>57854026</NEN3610:lokaalId>
				</Persoon:identificatie>
				<Persoon:woonlocatie>
					<Adres:KADBinnenlandsAdres>
						<Adres:openbareRuimteNaam>Hildegard van Bingenweg</Adres:openbareRuimteNaam>
						<Adres:huisNummer>111</Adres:huisNummer>
						<Adres:postcode>9408BH</Adres:postcode>
						<Adres:woonplaatsNaam>ASSEN</Adres:woonplaatsNaam>
					</Adres:KADBinnenlandsAdres>
				</Persoon:woonlocatie>
				<GbaPersoon:BSN>299999993</GbaPersoon:BSN>
				<GbaPersoon:naam>
					<GbaPersoon:geslachtsnaam>Nauta</GbaPersoon:geslachtsnaam>
					<GbaPersoon:voornamen>Nathalie Angela Juliëtte</GbaPersoon:voornamen>
				</GbaPersoon:naam>
				<GbaPersoon:geslacht>
					<GbaPersoon:geslachtsaanduiding>
						<Typen:code>V</Typen:code>
						<Typen:waarde>Vrouw</Typen:waarde>
					</GbaPersoon:geslachtsaanduiding>
				</GbaPersoon:geslacht>
				<GbaPersoon:aanduidingNaamgebruik>
					<Typen:code>E</Typen:code>
					<Typen:waarde>Eigen geslachtsnaam</Typen:waarde>
				</GbaPersoon:aanduidingNaamgebruik>
				<GbaPersoon:geboorte>
					<GbaPersoon:geboortedatum>1970-07-24</GbaPersoon:geboortedatum>
					<GbaPersoon:geboorteplaats>DELFT</GbaPersoon:geboorteplaats>
				</GbaPersoon:geboorte>
			</GbaPersoon:Ingezetene>
			<GbaPersoon:Ingezetene id="ID.65615929">
				<Persoon:identificatie>
					<NEN3610:namespace>NL.KAD.Persoon</NEN3610:namespace>
					<NEN3610:lokaalId>319654655</NEN3610:lokaalId>
				</Persoon:identificatie>
				<Persoon:woonlocatie>
					<Adres:KADBinnenlandsAdres>
						<Adres:openbareRuimteNaam>Van Drielstlaan</Adres:openbareRuimteNaam>
						<Adres:huisNummer>74</Adres:huisNummer>
						<Adres:postcode>9744EW</Adres:postcode>
						<Adres:woonplaatsNaam>GRONINGEN</Adres:woonplaatsNaam>
					</Adres:KADBinnenlandsAdres>
				</Persoon:woonlocatie>
				<GbaPersoon:BSN>299999993</GbaPersoon:BSN>
				<GbaPersoon:naam>
					<GbaPersoon:geslachtsnaam>Bos</GbaPersoon:geslachtsnaam>
					<GbaPersoon:voornamen>Geert Willem</GbaPersoon:voornamen>
				</GbaPersoon:naam>
				<GbaPersoon:geslacht>
					<GbaPersoon:geslachtsaanduiding>
						<Typen:code>M</Typen:code>
						<Typen:waarde>Man</Typen:waarde>
					</GbaPersoon:geslachtsaanduiding>
				</GbaPersoon:geslacht>
				<GbaPersoon:aanduidingNaamgebruik>
					<Typen:code>E</Typen:code>
					<Typen:waarde>Eigen geslachtsnaam</Typen:waarde>
				</GbaPersoon:aanduidingNaamgebruik>
				<GbaPersoon:geboorte>
					<GbaPersoon:geboortedatum>1977-05-26</GbaPersoon:geboortedatum>
					<GbaPersoon:geboorteplaats>WINSCHOTEN</GbaPersoon:geboorteplaats>
					<GbaPersoon:geboorteland>
						<Typen:code>6030</Typen:code>
						<Typen:waarde>Nederland</Typen:waarde>
					</GbaPersoon:geboorteland>
				</GbaPersoon:geboorte>
				<GbaPersoon:heeftPartnerschap>
					<GbaPersoon:Partnerschap>
						<GbaPersoon:naamPartner>
							<GbaPersoon:geslachtsnaam>Mulder</GbaPersoon:geslachtsnaam>
						</GbaPersoon:naamPartner>
					</GbaPersoon:Partnerschap>
				</GbaPersoon:heeftPartnerschap>
			</GbaPersoon:Ingezetene>
			<Stuk:TerInschrijvingAangebodenStuk id="ID.65629855">
				<Stuk:identificatie>
					<NEN3610:namespace>NL.KAD.TIAStuk</NEN3610:namespace>
					<NEN3610:lokaalId>20020725000392</NEN3610:lokaalId>
				</Stuk:identificatie>
				<Stuk:omvat>
					<Stuk:Stukdeel id="ID.65640141">
						<Stuk:identificatie>
							<NEN3610:namespace>NL.KAD.Stukdeel</NEN3610:namespace>
							<NEN3610:lokaalId>AKR1.10893657</NEN3610:lokaalId>
						</Stuk:identificatie>
						<Stuk:aardStukdeel nilReason="waardeOnbekend">
							<Typen:code>NIL</Typen:code>
							<Typen:waarde>NIL</Typen:waarde>
						</Stuk:aardStukdeel>
					</Stuk:Stukdeel>
				</Stuk:omvat>
				<Stuk:tijdstipAanbieding>2002-07-25T09:00:00</Stuk:tijdstipAanbieding>
				<Stuk:deelEnNummer>
					<Stuk:deel>7837</Stuk:deel>
					<Stuk:nummer>138</Stuk:nummer>
					<Stuk:reeks>
						<Typen:code>ASN</Typen:code>
						<Typen:waarde>Assen</Typen:waarde>
					</Stuk:reeks>
					<Stuk:registercode>
						<Typen:code>2</Typen:code>
						<Typen:waarde>Hyp4</Typen:waarde>
					</Stuk:registercode>
					<Stuk:soortRegister>
						<Typen:code>2</Typen:code>
						<Typen:waarde>Onroerende Zaken</Typen:waarde>
					</Stuk:soortRegister>
				</Stuk:deelEnNummer>
			</Stuk:TerInschrijvingAangebodenStuk>
			<Stuk:TerInschrijvingAangebodenStuk id="ID.65629859">
				<Stuk:identificatie>
					<NEN3610:namespace>NL.KAD.TIAStuk</NEN3610:namespace>
					<NEN3610:lokaalId>20090603000418</NEN3610:lokaalId>
				</Stuk:identificatie>
				<Stuk:omvat>
					<Stuk:Stukdeel id="ID.65657563">
						<Stuk:identificatie>
							<NEN3610:namespace>NL.KAD.Stukdeel</NEN3610:namespace>
							<NEN3610:lokaalId>AKR1.100000000621208</NEN3610:lokaalId>
						</Stuk:identificatie>
						<Stuk:aardStukdeel>
							<Typen:code>063</Typen:code>
							<Typen:waarde>Stuk aanbrengen beperkende bepaling op zakelijk recht overig</Typen:waarde>
						</Stuk:aardStukdeel>
					</Stuk:Stukdeel>
				</Stuk:omvat>
				<Stuk:tijdstipAanbieding>2009-06-03T09:00:00</Stuk:tijdstipAanbieding>
				<Stuk:deelEnNummer>
					<Stuk:deel>56708</Stuk:deel>
					<Stuk:nummer>199</Stuk:nummer>
					<Stuk:registercode>
						<Typen:code>2</Typen:code>
						<Typen:waarde>Hyp4</Typen:waarde>
					</Stuk:registercode>
					<Stuk:soortRegister>
						<Typen:code>2</Typen:code>
						<Typen:waarde>Onroerende Zaken</Typen:waarde>
					</Stuk:soortRegister>
				</Stuk:deelEnNummer>
			</Stuk:TerInschrijvingAangebodenStuk>
			<Stuk:Kadasterstuk id="ID.65629857">
				<Stuk:identificatie>
					<NEN3610:namespace>NL.KAD.Kadasterstuk</NEN3610:namespace>
					<NEN3610:lokaalId>AKR1.10900419</NEN3610:lokaalId>
				</Stuk:identificatie>
				<Stuk:omvat>
					<Stuk:Stukdeel id="ID.65644479">
						<Stuk:identificatie>
							<NEN3610:namespace>NL.KAD.Stukdeel</NEN3610:namespace>
							<NEN3610:lokaalId>AKR1.10944737</NEN3610:lokaalId>
						</Stuk:identificatie>
						<Stuk:aardStukdeel nilReason="waardeOnbekend">
							<Typen:code>NIL</Typen:code>
							<Typen:waarde>NIL</Typen:waarde>
						</Stuk:aardStukdeel>
					</Stuk:Stukdeel>
				</Stuk:omvat>
				<Stuk:AKRPortefeuilleNr>75 ASN0002003026</Stuk:AKRPortefeuilleNr>
			</Stuk:Kadasterstuk>
		</Snapshot:KadastraalObjectSnapshot>
	</Mutatie:was>
	<Mutatie:wordt>
		<Snapshot:KadastraalObjectSnapshot>
			<Snapshot:referentie>30F561659CD0-1D3C84CBF5B</Snapshot:referentie>
			<Snapshot:toestandsdatum>2009-11-02</Snapshot:toestandsdatum>
			<KadastraalObject:Perceel id="ID.66626001">
				<KadastraalObject:identificatie>
					<NEN3610:namespace>NL.KAD.OnroerendeZaak</NEN3610:namespace>
					<NEN3610:lokaalId>53830459170000</NEN3610:lokaalId>
				</KadastraalObject:identificatie>
				<KadastraalObject:koopsom>
					<KadastraalObject:bedrag>
						<Typen:som>210000</Typen:som>
						<Typen:valuta>
							<Typen:code>EUR</Typen:code>
							<Typen:waarde>Euro</Typen:waarde>
						</Typen:valuta>
					</KadastraalObject:bedrag>
					<KadastraalObject:koopjaar>2009</KadastraalObject:koopjaar>
					<KadastraalObject:indicatieMeerObjecten>false</KadastraalObject:indicatieMeerObjecten>
				</KadastraalObject:koopsom>
				<KadastraalObject:heeftLocatie>
					<KadastraalObject:LocatieKadastraalObject>
						<KadastraalObject:cultuurBebouwd>
							<Typen:code>11</Typen:code>
							<Typen:waarde>Wonen</Typen:waarde>
						</KadastraalObject:cultuurBebouwd>
						<KadastraalObject:adres>
							<Adres:KADBinnenlandsAdres>
								<Adres:openbareRuimteNaam>H V BINGENWG</Adres:openbareRuimteNaam>
								<Adres:huisNummer>111</Adres:huisNummer>
								<Adres:postcode>9408BH</Adres:postcode>
								<Adres:woonplaatsNaam>ASSEN</Adres:woonplaatsNaam>
							</Adres:KADBinnenlandsAdres>
						</KadastraalObject:adres>
					</KadastraalObject:LocatieKadastraalObject>
				</KadastraalObject:heeftLocatie>
				<KadastraalObject:kadastraleAanduiding>
					<KadastraalObject:AKRKadastraleGemeenteCode>
						<Typen:code>106</Typen:code>
						<Typen:waarde>ASN00</Typen:waarde>
					</KadastraalObject:AKRKadastraleGemeenteCode>
					<KadastraalObject:naamKadastraleGemeente>
						<Typen:code>59</Typen:code>
						<Typen:waarde>Assen</Typen:waarde>
					</KadastraalObject:naamKadastraleGemeente>
					<KadastraalObject:sectie>Q</KadastraalObject:sectie>
					<KadastraalObject:perceelnummer>4591</KadastraalObject:perceelnummer>
				</KadastraalObject:kadastraleAanduiding>
				<KadastraalObject:ontstaanUitOZ>
					<KadastraalObject:OnroerendeZaakFiliatie>
						<KadastraalObject:aard>
							<Typen:code>14</Typen:code>
							<Typen:waarde>Vernummering</Typen:waarde>
						</KadastraalObject:aard>
						<KadastraalObject:overgangsgrootte>302</KadastraalObject:overgangsgrootte>
						<KadastraalObject:onroerendeZaak>
							<KadastraalObjectRef:PerceelRef xlink:href="NL.KAD.OnroerendeZaak.53830407540125"/>
						</KadastraalObject:onroerendeZaak>
					</KadastraalObject:OnroerendeZaakFiliatie>
				</KadastraalObject:ontstaanUitOZ>
				<KadastraalObject:begrenzingPerceel>
					<gml:Surface srsName="urn:ogc:def:crs:EPSG::28992">
						<gml:patches>
							<gml:PolygonPatch>
								<gml:exterior>
									<gml:LinearRing>
										<gml:posList srsDimension="2" count="7">230268.259 558060.325 230258.25 558058.018 230264.858 558029.429 230274.865 558031.682 230271.468 558046.415 230269.4 558055.467 230268.259 558060.325</gml:posList>
									</gml:LinearRing>
								</gml:exterior>
							</gml:PolygonPatch>
						</gml:patches>
					</gml:Surface>
				</KadastraalObject:begrenzingPerceel>
				<KadastraalObject:indicatieDeelperceel>false</KadastraalObject:indicatieDeelperceel>
				<KadastraalObject:kadastraleGrootte>
					<KadastraalObject:waarde>302</KadastraalObject:waarde>
				</KadastraalObject:kadastraleGrootte>
				<KadastraalObject:soortGrootte>
					<Typen:code>1</Typen:code>
					<Typen:waarde>Vastgesteld</Typen:waarde>
				</KadastraalObject:soortGrootte>
				<KadastraalObject:perceelnummerRotatie>-1.3436</KadastraalObject:perceelnummerRotatie>
				<KadastraalObject:plaatscoordinaten>
					<gml:Point srsName="urn:ogc:def:crs:EPSG::28992">
						<gml:pos>230266.164 558040.067</gml:pos>
					</gml:Point>
				</KadastraalObject:plaatscoordinaten>
			</KadastraalObject:Perceel>
			<Recht:ZakelijkRecht id="ID.66626007">
				<Recht:identificatie>
					<NEN3610:namespace>NL.KAD.ZakelijkRecht</NEN3610:namespace>
					<NEN3610:lokaalId>AKR1.100000001268041</NEN3610:lokaalId>
				</Recht:identificatie>
				<Recht:aard>
					<Typen:code>2</Typen:code>
					<Typen:waarde>Eigendom (recht van)</Typen:waarde>
				</Recht:aard>
				<Recht:rustOp>
					<KadastraalObjectRef:PerceelRef xlink:href="#ID.66626001"/>
				</Recht:rustOp>
			</Recht:ZakelijkRecht>
			<Recht:Tenaamstelling id="ID.66626019">
				<Recht:identificatie>
					<NEN3610:namespace>NL.KAD.Tenaamstelling</NEN3610:namespace>
					<NEN3610:lokaalId>AKR1.100000001268041</NEN3610:lokaalId>
				</Recht:identificatie>
				<Recht:isGebaseerdOp>
					<StukRef:StukdeelRef xlink:href="#ID.66626017"/>
				</Recht:isGebaseerdOp>
				<Recht:vanPersoon>
					<GbaPersoonRef:IngezeteneRef xlink:href="#ID.66626009"/>
				</Recht:vanPersoon>
				<Recht:aandeel>
					<Recht:teller>1</Recht:teller>
					<Recht:noemer>2</Recht:noemer>
				</Recht:aandeel>
				<Recht:burgerlijkeStaatTenTijdeVanVerkrijging>
					<Typen:code>1</Typen:code>
					<Typen:waarde>Gehuwd</Typen:waarde>
				</Recht:burgerlijkeStaatTenTijdeVanVerkrijging>
				<Recht:betrokkenBijVerkrijging>
					<GbaPersoonRef:IngezeteneRef xlink:href="#ID.66626021"/>
				</Recht:betrokkenBijVerkrijging>
				<Recht:van>
					<RechtRef:ZakelijkRechtRef xlink:href="#ID.66626007"/>
				</Recht:van>
			</Recht:Tenaamstelling>
			<Recht:Tenaamstelling id="ID.66626037">
				<Recht:identificatie>
					<NEN3610:namespace>NL.KAD.Tenaamstelling</NEN3610:namespace>
					<NEN3610:lokaalId>AKR1.100000001268082</NEN3610:lokaalId>
				</Recht:identificatie>
				<Recht:isGebaseerdOp>
					<StukRef:StukdeelRef xlink:href="#ID.66626017"/>
				</Recht:isGebaseerdOp>
				<Recht:vanPersoon>
					<GbaPersoonRef:IngezeteneRef xlink:href="#ID.66626021"/>
				</Recht:vanPersoon>
				<Recht:aandeel>
					<Recht:teller>1</Recht:teller>
					<Recht:noemer>2</Recht:noemer>
				</Recht:aandeel>
				<Recht:burgerlijkeStaatTenTijdeVanVerkrijging>
					<Typen:code>1</Typen:code>
					<Typen:waarde>Gehuwd</Typen:waarde>
				</Recht:burgerlijkeStaatTenTijdeVanVerkrijging>
				<Recht:betrokkenBijVerkrijging>
					<GbaPersoonRef:IngezeteneRef xlink:href="#ID.66626009"/>
				</Recht:betrokkenBijVerkrijging>
				<Recht:van>
					<RechtRef:ZakelijkRechtRef xlink:href="#ID.66626007"/>
				</Recht:van>
			</Recht:Tenaamstelling>
			<Recht:Aantekening id="ID.66626033">
				<Recht:identificatie>
					<NEN3610:namespace>NL.KAD.Aantekening</NEN3610:namespace>
					<NEN3610:lokaalId>AKR2.100000001211302</NEN3610:lokaalId>
				</Recht:identificatie>
				<Recht:aard>
					<Typen:code>8</Typen:code>
					<Typen:waarde>Koopovereenkomst, art. 7:3 BW en 10 WVG (doorhaling)</Typen:waarde>
				</Recht:aard>
				<Recht:betreftAantekeningRecht>
					<Recht:AantekeningRecht>
						<Recht:heeftBetrekkingOp>
							<RechtRef:TenaamstellingRef xlink:href="#ID.66626019"/>
						</Recht:heeftBetrekkingOp>
					</Recht:AantekeningRecht>
				</Recht:betreftAantekeningRecht>
				<Recht:isGebaseerdOp>
					<StukRef:StukdeelRef xlink:href="#ID.66626031"/>
				</Recht:isGebaseerdOp>
				<Recht:betrokkenPersoon>
					<GbaPersoonRef:IngezeteneRef xlink:href="#ID.66626009"/>
				</Recht:betrokkenPersoon>
			</Recht:Aantekening>
			<Recht:Aantekening id="ID.66626035">
				<Recht:identificatie>
					<NEN3610:namespace>NL.KAD.Aantekening</NEN3610:namespace>
					<NEN3610:lokaalId>AKR2.100000001211304</NEN3610:lokaalId>
				</Recht:identificatie>
				<Recht:aard>
					<Typen:code>8</Typen:code>
					<Typen:waarde>Koopovereenkomst, art. 7:3 BW en 10 WVG (doorhaling)</Typen:waarde>
				</Recht:aard>
				<Recht:betreftAantekeningRecht>
					<Recht:AantekeningRecht>
						<Recht:heeftBetrekkingOp>
							<RechtRef:TenaamstellingRef xlink:href="#ID.66626019"/>
						</Recht:heeftBetrekkingOp>
					</Recht:AantekeningRecht>
				</Recht:betreftAantekeningRecht>
				<Recht:isGebaseerdOp>
					<StukRef:StukdeelRef xlink:href="#ID.66626031"/>
				</Recht:isGebaseerdOp>
				<Recht:betrokkenPersoon>
					<GbaPersoonRef:IngezeteneRef xlink:href="#ID.66626021"/>
				</Recht:betrokkenPersoon>
			</Recht:Aantekening>
			<Recht:Aantekening id="ID.66626041">
				<Recht:identificatie>
					<NEN3610:namespace>NL.KAD.Aantekening</NEN3610:namespace>
					<NEN3610:lokaalId>AKR2.100000001211303</NEN3610:lokaalId>
				</Recht:identificatie>
				<Recht:aard>
					<Typen:code>8</Typen:code>
					<Typen:waarde>Koopovereenkomst, art. 7:3 BW en 10 WVG (doorhaling)</Typen:waarde>
				</Recht:aard>
				<Recht:betreftAantekeningRecht>
					<Recht:AantekeningRecht>
						<Recht:heeftBetrekkingOp>
							<RechtRef:TenaamstellingRef xlink:href="#ID.66626037"/>
						</Recht:heeftBetrekkingOp>
					</Recht:AantekeningRecht>
				</Recht:betreftAantekeningRecht>
				<Recht:isGebaseerdOp>
					<StukRef:StukdeelRef xlink:href="#ID.66626031"/>
				</Recht:isGebaseerdOp>
				<Recht:betrokkenPersoon>
					<GbaPersoonRef:IngezeteneRef xlink:href="#ID.66626009"/>
				</Recht:betrokkenPersoon>
			</Recht:Aantekening>
			<Recht:Aantekening id="ID.66626043">
				<Recht:identificatie>
					<NEN3610:namespace>NL.KAD.Aantekening</NEN3610:namespace>
					<NEN3610:lokaalId>AKR2.100000001211305</NEN3610:lokaalId>
				</Recht:identificatie>
				<Recht:aard>
					<Typen:code>8</Typen:code>
					<Typen:waarde>Koopovereenkomst, art. 7:3 BW en 10 WVG (doorhaling)</Typen:waarde>
				</Recht:aard>
				<Recht:betreftAantekeningRecht>
					<Recht:AantekeningRecht>
						<Recht:heeftBetrekkingOp>
							<RechtRef:TenaamstellingRef xlink:href="#ID.66626037"/>
						</Recht:heeftBetrekkingOp>
					</Recht:AantekeningRecht>
				</Recht:betreftAantekeningRecht>
				<Recht:isGebaseerdOp>
					<StukRef:StukdeelRef xlink:href="#ID.66626031"/>
				</Recht:isGebaseerdOp>
				<Recht:betrokkenPersoon>
					<GbaPersoonRef:IngezeteneRef xlink:href="#ID.66626021"/>
				</Recht:betrokkenPersoon>
			</Recht:Aantekening>
			<Recht:Aantekening id="ID.66626049">
				<Recht:identificatie>
					<NEN3610:namespace>NL.KAD.Aantekening</NEN3610:namespace>
					<NEN3610:lokaalId>AKR1.1663547</NEN3610:lokaalId>
				</Recht:identificatie>
				<Recht:aard>
					<Typen:code>67</Typen:code>
					<Typen:waarde>Kwalitatieve verplichting</Typen:waarde>
				</Recht:aard>
				<Recht:betreftAantekeningKadastraalObject>
					<Recht:AantekeningKadastraalObject>
						<Recht:heeftBetrekkingOp>
							<KadastraalObjectRef:PerceelRef xlink:href="#ID.66626001"/>
						</Recht:heeftBetrekkingOp>
					</Recht:AantekeningKadastraalObject>
				</Recht:betreftAantekeningKadastraalObject>
				<Recht:isGebaseerdOp>
					<StukRef:StukdeelRef xlink:href="#ID.66626047"/>
				</Recht:isGebaseerdOp>
			</Recht:Aantekening>
			<GbaPersoon:Ingezetene id="ID.66626009">
				<Persoon:identificatie>
					<NEN3610:namespace>NL.KAD.Persoon</NEN3610:namespace>
					<NEN3610:lokaalId>319654655</NEN3610:lokaalId>
				</Persoon:identificatie>
				<Persoon:woonlocatie>
					<Adres:KADBinnenlandsAdres>
						<Adres:openbareRuimteNaam>Van Drielstlaan</Adres:openbareRuimteNaam>
						<Adres:huisNummer>74</Adres:huisNummer>
						<Adres:postcode>9744EW</Adres:postcode>
						<Adres:woonplaatsNaam>GRONINGEN</Adres:woonplaatsNaam>
					</Adres:KADBinnenlandsAdres>
				</Persoon:woonlocatie>
				<GbaPersoon:BSN>299999993</GbaPersoon:BSN>
				<GbaPersoon:naam>
					<GbaPersoon:geslachtsnaam>Bos</GbaPersoon:geslachtsnaam>
					<GbaPersoon:voornamen>Geert Willem</GbaPersoon:voornamen>
				</GbaPersoon:naam>
				<GbaPersoon:geslacht>
					<GbaPersoon:geslachtsaanduiding>
						<Typen:code>M</Typen:code>
						<Typen:waarde>Man</Typen:waarde>
					</GbaPersoon:geslachtsaanduiding>
				</GbaPersoon:geslacht>
				<GbaPersoon:aanduidingNaamgebruik>
					<Typen:code>E</Typen:code>
					<Typen:waarde>Eigen geslachtsnaam</Typen:waarde>
				</GbaPersoon:aanduidingNaamgebruik>
				<GbaPersoon:geboorte>
					<GbaPersoon:geboortedatum>1977-05-26</GbaPersoon:geboortedatum>
					<GbaPersoon:geboorteplaats>WINSCHOTEN</GbaPersoon:geboorteplaats>
					<GbaPersoon:geboorteland>
						<Typen:code>6030</Typen:code>
						<Typen:waarde>Nederland</Typen:waarde>
					</GbaPersoon:geboorteland>
				</GbaPersoon:geboorte>
				<GbaPersoon:heeftPartnerschap>
					<GbaPersoon:Partnerschap>
						<GbaPersoon:naamPartner>
							<GbaPersoon:geslachtsnaam>Mulder</GbaPersoon:geslachtsnaam>
						</GbaPersoon:naamPartner>
					</GbaPersoon:Partnerschap>
				</GbaPersoon:heeftPartnerschap>
			</GbaPersoon:Ingezetene>
			<GbaPersoon:Ingezetene id="ID.66626021">
				<Persoon:identificatie>
					<NEN3610:namespace>NL.KAD.Persoon</NEN3610:namespace>
					<NEN3610:lokaalId>319654695</NEN3610:lokaalId>
				</Persoon:identificatie>
				<Persoon:woonlocatie>
					<Adres:KADBinnenlandsAdres>
						<Adres:openbareRuimteNaam>Van Drielstlaan</Adres:openbareRuimteNaam>
						<Adres:huisNummer>74</Adres:huisNummer>
						<Adres:postcode>9744EW</Adres:postcode>
						<Adres:woonplaatsNaam>GRONINGEN</Adres:woonplaatsNaam>
					</Adres:KADBinnenlandsAdres>
				</Persoon:woonlocatie>
				<GbaPersoon:BSN>299999993</GbaPersoon:BSN>
				<GbaPersoon:naam>
					<GbaPersoon:geslachtsnaam>Mulder</GbaPersoon:geslachtsnaam>
					<GbaPersoon:voornamen>Marleen</GbaPersoon:voornamen>
				</GbaPersoon:naam>
				<GbaPersoon:geslacht>
					<GbaPersoon:geslachtsaanduiding>
						<Typen:code>V</Typen:code>
						<Typen:waarde>Vrouw</Typen:waarde>
					</GbaPersoon:geslachtsaanduiding>
				</GbaPersoon:geslacht>
				<GbaPersoon:aanduidingNaamgebruik>
					<Typen:code>V</Typen:code>
					<Typen:waarde>Geslachtsnaam echtgenoot/geregistreerd partner voor eigen geslachtsnaam</Typen:waarde>
				</GbaPersoon:aanduidingNaamgebruik>
				<GbaPersoon:geboorte>
					<GbaPersoon:geboortedatum>1978-08-29</GbaPersoon:geboortedatum>
					<GbaPersoon:geboorteplaats>COEVORDEN</GbaPersoon:geboorteplaats>
					<GbaPersoon:geboorteland>
						<Typen:code>6030</Typen:code>
						<Typen:waarde>Nederland</Typen:waarde>
					</GbaPersoon:geboorteland>
				</GbaPersoon:geboorte>
				<GbaPersoon:heeftPartnerschap>
					<GbaPersoon:Partnerschap>
						<GbaPersoon:naamPartner>
							<GbaPersoon:geslachtsnaam>Bos</GbaPersoon:geslachtsnaam>
						</GbaPersoon:naamPartner>
					</GbaPersoon:Partnerschap>
				</GbaPersoon:heeftPartnerschap>
			</GbaPersoon:Ingezetene>
			<Stuk:TerInschrijvingAangebodenStuk id="ID.66626013">
				<Stuk:identificatie>
					<NEN3610:namespace>NL.KAD.TIAStuk</NEN3610:namespace>
					<NEN3610:lokaalId>20091102003581</NEN3610:lokaalId>
				</Stuk:identificatie>
				<Stuk:omvat>
					<Stuk:Stukdeel id="ID.66626015">
						<Stuk:identificatie>
							<NEN3610:namespace>NL.KAD.Stukdeel</NEN3610:namespace>
							<NEN3610:lokaalId>AKR1.100000001216287</NEN3610:lokaalId>
						</Stuk:identificatie>
						<Stuk:aardStukdeel>
							<Typen:code>001</Typen:code>
							<Typen:waarde>Akte van Koop en Verkoop</Typen:waarde>
						</Stuk:aardStukdeel>
					</Stuk:Stukdeel>
					<Stuk:Stukdeel id="ID.66626017">
						<Stuk:identificatie>
							<NEN3610:namespace>NL.KAD.Stukdeel</NEN3610:namespace>
							<NEN3610:lokaalId>AKR1.100000001216498</NEN3610:lokaalId>
						</Stuk:identificatie>
						<Stuk:aardStukdeel>
							<Typen:code>001</Typen:code>
							<Typen:waarde>Akte van Koop en Verkoop</Typen:waarde>
						</Stuk:aardStukdeel>
						<Stuk:bedragTransactiesomLevering>
							<Typen:som>210000</Typen:som>
							<Typen:valuta>
								<Typen:code>EUR</Typen:code>
								<Typen:waarde>Euro</Typen:waarde>
							</Typen:valuta>
						</Stuk:bedragTransactiesomLevering>
					</Stuk:Stukdeel>
				</Stuk:omvat>
				<Stuk:tijdstipAanbieding>2009-11-02T12:27:00</Stuk:tijdstipAanbieding>
				<Stuk:deelEnNummer>
					<Stuk:deel>57381</Stuk:deel>
					<Stuk:nummer>164</Stuk:nummer>
					<Stuk:registercode>
						<Typen:code>2</Typen:code>
						<Typen:waarde>Onroerende Zaken</Typen:waarde>
					</Stuk:registercode>
					<Stuk:soortRegister>
						<Typen:code>2</Typen:code>
						<Typen:waarde>Hyp4</Typen:waarde>
					</Stuk:soortRegister>
				</Stuk:deelEnNummer>
			</Stuk:TerInschrijvingAangebodenStuk>
			<Stuk:TerInschrijvingAangebodenStuk id="ID.66626027">
				<Stuk:identificatie>
					<NEN3610:namespace>NL.KAD.TIAStuk</NEN3610:namespace>
					<NEN3610:lokaalId>20090603000418</NEN3610:lokaalId>
				</Stuk:identificatie>
				<Stuk:omvat>
					<Stuk:Stukdeel id="ID.66626029">
						<Stuk:identificatie>
							<NEN3610:namespace>NL.KAD.Stukdeel</NEN3610:namespace>
							<NEN3610:lokaalId>AKR1.100000000621208</NEN3610:lokaalId>
						</Stuk:identificatie>
						<Stuk:aardStukdeel>
							<Typen:code>063</Typen:code>
							<Typen:waarde>Stuk aanbrengen beperkende bepaling op zakelijk recht overig</Typen:waarde>
						</Stuk:aardStukdeel>
					</Stuk:Stukdeel>
					<Stuk:Stukdeel id="ID.66626031">
						<Stuk:identificatie>
							<NEN3610:namespace>NL.KAD.Stukdeel</NEN3610:namespace>
							<NEN3610:lokaalId>AKR1.100000001216381</NEN3610:lokaalId>
						</Stuk:identificatie>
						<Stuk:aardStukdeel>
							<Typen:code>001</Typen:code>
							<Typen:waarde>Akte van Koop en Verkoop</Typen:waarde>
						</Stuk:aardStukdeel>
					</Stuk:Stukdeel>
				</Stuk:omvat>
				<Stuk:tijdstipAanbieding>2009-06-03T09:00:00</Stuk:tijdstipAanbieding>
				<Stuk:deelEnNummer>
					<Stuk:deel>56708</Stuk:deel>
					<Stuk:nummer>199</Stuk:nummer>
					<Stuk:registercode>
						<Typen:code>2</Typen:code>
						<Typen:waarde>Onroerende Zaken</Typen:waarde>
					</Stuk:registercode>
					<Stuk:soortRegister>
						<Typen:code>2</Typen:code>
						<Typen:waarde>Hyp4</Typen:waarde>
					</Stuk:soortRegister>
				</Stuk:deelEnNummer>
			</Stuk:TerInschrijvingAangebodenStuk>
			<Stuk:TerInschrijvingAangebodenStuk id="ID.66626045">
				<Stuk:identificatie>
					<NEN3610:namespace>NL.KAD.TIAStuk</NEN3610:namespace>
					<NEN3610:lokaalId>20020725000392</NEN3610:lokaalId>
				</Stuk:identificatie>
				<Stuk:omvat>
					<Stuk:Stukdeel id="ID.66626047">
						<Stuk:identificatie>
							<NEN3610:namespace>NL.KAD.Stukdeel</NEN3610:namespace>
							<NEN3610:lokaalId>AKR1.10893657</NEN3610:lokaalId>
						</Stuk:identificatie>
						<Stuk:aardStukdeel nilReason="waardeOnbekend">
							<Typen:code>NIL</Typen:code>
							<Typen:waarde>NIL</Typen:waarde>
						</Stuk:aardStukdeel>
					</Stuk:Stukdeel>
				</Stuk:omvat>
				<Stuk:tijdstipAanbieding>2002-07-25T09:00:00</Stuk:tijdstipAanbieding>
				<Stuk:deelEnNummer>
					<Stuk:deel>7837</Stuk:deel>
					<Stuk:nummer>138</Stuk:nummer>
					<Stuk:reeks>
						<Typen:code>ASN</Typen:code>
						<Typen:waarde>Assen</Typen:waarde>
					</Stuk:reeks>
					<Stuk:registercode>
						<Typen:code>2</Typen:code>
						<Typen:waarde>Onroerende Zaken</Typen:waarde>
					</Stuk:registercode>
					<Stuk:soortRegister>
						<Typen:code>2</Typen:code>
						<Typen:waarde>Hyp4</Typen:waarde>
					</Stuk:soortRegister>
				</Stuk:deelEnNummer>
			</Stuk:TerInschrijvingAangebodenStuk>
		</Snapshot:KadastraalObjectSnapshot>
	</Mutatie:wordt>
</Mutatie:Mutatie>
