<?xml version="1.0" encoding="UTF-8"?>
<!-- edited with XMLSpy v2015 sp2 (http://www.altova.com) by Johan Boer (Kwaliteits Instituut Nederlandse Gemeenten) -->
<BG:npsLk01 xmlns:gml="http://www.opengis.net/gml" xmlns:StUF="http://www.egem.nl/StUF/StUF0301" xmlns:BG="http://www.egem.nl/StUF/sector/bg/0310" xmlns:xsi="http://www.w3.org/2001/XMLSchema-instance" xsi:schemaLocation="http://www.egem.nl/StUF/sector/bg/0310 ../../berichtschema/bg0310/mutatie/bg0310_msg_mutatie.xsd">
	<BG:stuurgegevens>
		<StUF:berichtcode>Lk01</StUF:berichtcode>
		<StUF:zender>
			<StUF:applicatie>Zendapplicatie</StUF:applicatie>
		</StUF:zender>
		<StUF:ontvanger>
			<StUF:applicatie>ontvangapplicatie</StUF:applicatie>
		</StUF:ontvanger>
		<StUF:referentienummer>123456789</StUF:referentienummer>
		<StUF:tijdstipBericht>201512081558</StUF:tijdstipBericht>
		<StUF:entiteittype>NPS</StUF:entiteittype>
	</BG:stuurgegevens>
	<BG:parameters>
		<StUF:mutatiesoort>T</StUF:mutatiesoort>
		<StUF:indicatorOvername>I</StUF:indicatorOvername>
	</BG:parameters>
	<BG:object StUF:sleutelVerzendend="319654695"  StUF:entiteittype="NPS" StUF:verwerkingssoort="T">
		<BG:inp.bsn>299999993</BG:inp.bsn>
		<BG:authentiek StUF:metagegeven="true">N</BG:authentiek>
		<BG:geslachtsnaam>Nauta</BG:geslachtsnaam>
		<BG:voorletters>N.A.J.</BG:voorletters>
		<BG:voornamen>Nathalie Angela Juliëtte</BG:voornamen>
		<BG:geslachtsaanduiding>V</BG:geslachtsaanduiding>
		<BG:geboortedatum>19700724</BG:geboortedatum>
		<BG:inp.geboorteplaats>DELFT</BG:inp.geboorteplaats>
		<BG:verblijfsadres>						
			<BG:wpl.woonplaatsNaam>ASSEN</BG:wpl.woonplaatsNaam>
			<BG:gor.openbareRuimteNaam>Hildegard van Bingenweg</BG:gor.openbareRuimteNaam>
			<BG:aoa.postcode>9408BH</BG:aoa.postcode>
			<BG:aoa.huisnummer>11</BG:aoa.huisnummer>
		</BG:verblijfsadres>
		<StUF:tijdvakGeldigheid>
			<StUF:beginGeldigheid>20091102</StUF:beginGeldigheid>
			<StUF:eindGeldigheid xsi:nil="true" StUF:noValue="geenWaarde"></StUF:eindGeldigheid>
		</StUF:tijdvakGeldigheid>
		<StUF:tijdstipRegistratie>201512081558</StUF:tijdstipRegistratie>
	</BG:object>
</BG:npsLk01>
