<?xml version="1.0" encoding="UTF-8"?>
<!--Sample XML file generated by XMLSpy v2015 sp2 (http://www.altova.com)-->
<BRK:wijzigKOZ_Di01 xmlns="http://www.egem.nl/StUF/sector/bg/0310" xmlns:gml="http://www.opengis.net/gml" xmlns:xlink="http://www.w3.org/1999/xlink" xmlns:StUF="http://www.egem.nl/StUF/StUF0301" xmlns:BG="http://www.egem.nl/StUF/sector/bg/0310" xmlns:xsi="http://www.w3.org/2001/XMLSchema-instance" xmlns:BRK="http://www.stufstandaarden.nl/koppelvlak/brk0310" xsi:schemaLocation="http://www.stufstandaarden.nl/koppelvlak/brk0310 brk0310_msg_brkberichten.xsd">
	<BRK:stuurgegevens>
<StUF:berichtcode>Di01</StUF:berichtcode>
		<StUF:zender>
			<StUF:applicatie>Zendapplicatie</StUF:applicatie>
		</StUF:zender>
		<StUF:ontvanger>
			<StUF:applicatie>Ontvangapplicatie</StUF:applicatie>
		</StUF:ontvanger>
		<StUF:referentienummer>123456789</StUF:referentienummer>
		<StUF:tijdstipBericht>201512081556</StUF:tijdstipBericht>
		<StUF:functie>wijzigKOZ</StUF:functie>
	</BRK:stuurgegevens>
	<BRK:npsLk01 StUF:entiteittype="NPS" StUF:functie="update">
		<BRK:parameters>
			<StUF:mutatiesoort>T</StUF:mutatiesoort>
			<StUF:indicatorOvername>I</StUF:indicatorOvername>
		</BRK:parameters>
		<BRK:object StUF:sleutelVerzendend="319654695"  StUF:entiteittype="NPS" StUF:verwerkingssoort="T">
		<BG:inp.bsn>299999993</BG:inp.bsn>
		<BG:authentiek StUF:metagegeven="true">N</BG:authentiek>
		<BG:geslachtsnaam>Nauta</BG:geslachtsnaam>
		<BG:voorletters>N.A.J.</BG:voorletters>
		<BG:voornamen>Nathalie Angela Juliëtte</BG:voornamen>
		<BG:geslachtsaanduiding>V</BG:geslachtsaanduiding>
		<BG:geboortedatum>19700724</BG:geboortedatum>
		<BG:inp.geboorteplaats>DELFT</BG:inp.geboorteplaats>
		<BG:verblijfsadres>						
			<BG:wpl.woonplaatsNaam>ASSEN</BG:wpl.woonplaatsNaam>
			<BG:gor.openbareRuimteNaam>Hildegard van Bingenweg</BG:gor.openbareRuimteNaam>
			<BG:aoa.postcode>9408BH</BG:aoa.postcode>
			<BG:aoa.huisnummer>11</BG:aoa.huisnummer>
		</BG:verblijfsadres>
		<StUF:tijdvakGeldigheid>
			<StUF:beginGeldigheid>20091102</StUF:beginGeldigheid>
			<StUF:eindGeldigheid xsi:nil="true" StUF:noValue="geenWaarde"></StUF:eindGeldigheid>
		</StUF:tijdvakGeldigheid>
		<StUF:tijdstipRegistratie>201512081558</StUF:tijdstipRegistratie>
		</BRK:object>
	</BRK:npsLk01>
	<BRK:npsLk01 StUF:entiteittype="NPS" StUF:functie="update">
		<BRK:parameters>
			<StUF:mutatiesoort>T</StUF:mutatiesoort>
			<StUF:indicatorOvername>I</StUF:indicatorOvername>
		</BRK:parameters>
		<BRK:object StUF:sleutelVerzendend="319654695"  StUF:entiteittype="NPS" StUF:verwerkingssoort="T">
		<BG:inp.bsn>299999993</BG:inp.bsn>
		<BG:authentiek StUF:metagegeven="true">N</BG:authentiek>
		<BG:geslachtsnaam>Nauta</BG:geslachtsnaam>
		<BG:voorletters>N.A.J.</BG:voorletters>
		<BG:voornamen>Nathalie Angela Juliëtte</BG:voornamen>
		<BG:geslachtsaanduiding>V</BG:geslachtsaanduiding>
		<BG:geboortedatum>19700724</BG:geboortedatum>
		<BG:inp.geboorteplaats>DELFT</BG:inp.geboorteplaats>
		<BG:verblijfsadres>						
			<BG:wpl.woonplaatsNaam>ASSEN</BG:wpl.woonplaatsNaam>
			<BG:gor.openbareRuimteNaam>Hildegard van Bingenweg</BG:gor.openbareRuimteNaam>
			<BG:aoa.postcode>9408BH</BG:aoa.postcode>
			<BG:aoa.huisnummer>11</BG:aoa.huisnummer>
		</BG:verblijfsadres>
		<StUF:tijdvakGeldigheid>
			<StUF:beginGeldigheid>20091102</StUF:beginGeldigheid>
			<StUF:eindGeldigheid xsi:nil="true" StUF:noValue="geenWaarde"></StUF:eindGeldigheid>
		</StUF:tijdvakGeldigheid>
		<StUF:tijdstipRegistratie>201512081558</StUF:tijdstipRegistratie>
		</BRK:object>
	</BRK:npsLk01>
	<BRK:npsLk01 StUF:entiteittype="NPS" StUF:functie="update">
		<BRK:parameters>
			<StUF:mutatiesoort>T</StUF:mutatiesoort>
			<StUF:indicatorOvername>I</StUF:indicatorOvername>
		</BRK:parameters>
		<BRK:object StUF:sleutelVerzendend="319654655"  StUF:entiteittype="NPS" StUF:verwerkingssoort="T">
		<BG:inp.bsn>299999993</BG:inp.bsn>
		<BG:authentiek StUF:metagegeven="true">N</BG:authentiek>
		<BG:geslachtsnaam>Bos</BG:geslachtsnaam>
		<BG:voorletters>G.W.</BG:voorletters>
		<BG:voornamen>Geert Willem</BG:voornamen>
		<BG:geslachtsaanduiding>M</BG:geslachtsaanduiding>
		<BG:geboortedatum>19770526</BG:geboortedatum>
		<BG:inp.geboorteplaats>WINSCHOTEN</BG:inp.geboorteplaats>
		<BG:inp.geboorteLand>6030</BG:inp.geboorteLand>
		<BG:verblijfsadres>						
			<BG:wpl.woonplaatsNaam>GRONINGEN</BG:wpl.woonplaatsNaam>
			<BG:gor.openbareRuimteNaam>Van Drielstlaan</BG:gor.openbareRuimteNaam>
			<BG:aoa.postcode>9744EW</BG:aoa.postcode>
			<BG:aoa.huisnummer>74</BG:aoa.huisnummer>
		</BG:verblijfsadres>
		<StUF:tijdvakGeldigheid>
			<StUF:beginGeldigheid>20091102</StUF:beginGeldigheid>
			<StUF:eindGeldigheid xsi:nil="true" StUF:noValue="geenWaarde"></StUF:eindGeldigheid>
		</StUF:tijdvakGeldigheid>
		<StUF:tijdstipRegistratie>201512081559</StUF:tijdstipRegistratie>
		</BRK:object>
	</BRK:npsLk01>
	<BRK:kozLk01 StUF:entiteittype="KOZ" StUF:functie="update">
		<BRK:parameters>
			<StUF:mutatiesoort>W</StUF:mutatiesoort>
			<StUF:indicatorOvername>V</StUF:indicatorOvername>
		</BRK:parameters>
		<BRK:object StUF:sleutelVerzendend="53830459170000" StUF:entiteittype="KOZ" StUF:verwerkingssoort="W">
		<BG:kadastraleIdentificatie>53830459170000</BG:kadastraleIdentificatie>
		<BG:authentiek StUF:metagegeven="true">J</BG:authentiek>
		<BG:typering>G</BG:typering>
		<BG:kadastraleAanduiding>
			<BG:kadastraleGemeentecode>ASN00</BG:kadastraleGemeentecode>
			<BG:kadastraleSectie>Q</BG:kadastraleSectie>
			<BG:kadastraalPerceelnummer>4591</BG:kadastraalPerceelnummer>
			<BG:kdp.deelperceelNummer>4591</BG:kdp.deelperceelNummer>
		</BG:kadastraleAanduiding>
		<BG:kadastraleGemeentenaam>Assen</BG:kadastraleGemeentenaam>
		<BG:locatieOnroerendeZaak>
			<BG:locatieOmschrijving>H V BINGENWG 111 9408BH ASSEN</BG:locatieOmschrijving>
			<BG:cultuurBebouwd>Wonen</BG:cultuurBebouwd>
		</BG:locatieOnroerendeZaak>
		<BG:kdp.plaatscoordinaten>
			<gml:Point srsName="urn:ogc:def:crs:EPSG::28992">
				<gml:pos>230266.164 558040.067</gml:pos>
			</gml:Point>
		</BG:kdp.plaatscoordinaten>
		<BG:kdp.grootte>302</BG:kdp.grootte>
		<BG:kdp.vastgesteldeGrootte>true</BG:kdp.vastgesteldeGrootte>
		<BG:kdp.begrenzing>
			<gml:Surface srsName="urn:ogc:def:crs:EPSG::28992">
						<gml:patches>
							<gml:PolygonPatch>
								<gml:exterior>
									<gml:LinearRing>
										<gml:posList srsDimension="2" count="7">230268.259 558060.325 230258.25 558058.018 230264.858 558029.429 230274.865 558031.682 230271.468 558046.415 230269.4 558055.467 230268.259 558060.325</gml:posList>
									</gml:LinearRing>
								</gml:exterior>
							</gml:PolygonPatch>
						</gml:patches>
					</gml:Surface>
		</BG:kdp.begrenzing>
		<BG:ingangsdatumObject>20091031</BG:ingangsdatumObject>
		<StUF:tijdvakGeldigheid>
			<StUF:beginGeldigheid>20091031</StUF:beginGeldigheid>
			<StUF:eindGeldigheid>20091102</StUF:eindGeldigheid>
		</StUF:tijdvakGeldigheid>
		<StUF:tijdstipRegistratie>201512091435</StUF:tijdstipRegistratie>
		<StUF:extraElementen>
			<StUF:extraElement naam="rotatie">-1.3436</StUF:extraElement>
			<StUF:extraElement xsi:nil="true" StUF:noValue="waardeOnbekend" naam="stukdatum"></StUF:extraElement>
			<StUF:extraElement xsi:nil="true" StUF:noValue="waardeOnbekend" naam="typeGebeurtenis"></StUF:extraElement>
			<StUF:extraElement xsi:nil="true" StUF:noValue="waardeOnbekend" naam="stuknummer"></StUF:extraElement>
			<StUF:extraElement xsi:nil="true" StUF:noValue="waardeOnbekend" naam="aardStukdeel"></StUF:extraElement>
		</StUF:extraElementen>
		<BG:isOntstaanUit StUF:verwerkingssoort="W" StUF:entiteittype="KOZKOZVAN">
			 <BG:gerelateerde StUF:entiteittype="KOZ" StUF:verwerkingssoort="I">
				<BG:kadastraleIdentificatie>53830407540125</BG:kadastraleIdentificatie>
				<BG:authentiek StUF:metagegeven="true">J</BG:authentiek>
			 </BG:gerelateerde>
			<BG:overgangsgrootte>302</BG:overgangsgrootte>
			<BG:aard>V</BG:aard>
		</BG:isOntstaanUit>
		<BG:heeftAlsVoornaamsteZakelijkGerechtigde StUF:entiteittype="KOZRPSVZG" StUF:verwerkingssoort="V">
			<BG:gerelateerde>
				<BG:natuurlijkPersoon StUF:entiteittype="NPS" StUF:verwerkingssoort="I">
					<BG:inp.bsn>299999993</BG:inp.bsn>
					<BG:authentiek StUF:metagegeven="true">N</BG:authentiek>
					<BG:geslachtsnaam>Nauta</BG:geslachtsnaam>
					<BG:voorletters>N.A.J.</BG:voorletters>
					<BG:voornamen>Nathalie Angela Juliëtte</BG:voornamen>
					<BG:geslachtsaanduiding>V</BG:geslachtsaanduiding>
					<BG:geboortedatum>19700724</BG:geboortedatum>
					<BG:verblijfsadres>						
						<BG:wpl.woonplaatsNaam>ASSEN</BG:wpl.woonplaatsNaam>
						<BG:gor.openbareRuimteNaam>Hildegard van Bingenweg</BG:gor.openbareRuimteNaam>
						<BG:aoa.postcode>9408BH</BG:aoa.postcode>
						<BG:aoa.huisnummer>11</BG:aoa.huisnummer>
					</BG:verblijfsadres>
				</BG:natuurlijkPersoon>
			</BG:gerelateerde>
			<StUF:tijdvakRelatie>
				<StUF:beginRelatie>200906030900</StUF:beginRelatie>
				<StUF:eindRelatie>20091102</StUF:eindRelatie>
			</StUF:tijdvakRelatie>
			<StUF:tijdstipRegistratie StUF:exact="true">201512110900</StUF:tijdstipRegistratie>
		</BG:heeftAlsVoornaamsteZakelijkGerechtigde>
	</BRK:object>
	    <BRK:object StUF:sleutelVerzendend="53830459170000" StUF:entiteittype="KOZ" StUF:verwerkingssoort="W">
		<BG:kadastraleIdentificatie>53830459170000</BG:kadastraleIdentificatie>
		<BG:authentiek StUF:metagegeven="true">J</BG:authentiek>
		<BG:typering>G</BG:typering>
		<BG:kadastraleAanduiding>
			<BG:kadastraleGemeentecode>ASN00</BG:kadastraleGemeentecode>
			<BG:kadastraleSectie>Q</BG:kadastraleSectie>
			<BG:kadastraalPerceelnummer>4591</BG:kadastraalPerceelnummer>
			<BG:kdp.deelperceelNummer>4591</BG:kdp.deelperceelNummer>
		</BG:kadastraleAanduiding>
		<BG:kadastraleGemeentenaam>Assen</BG:kadastraleGemeentenaam>
		<BG:locatieOnroerendeZaak >
			<BG:locatieOmschrijving>H V BINGENWG 111 9408BH ASSEN</BG:locatieOmschrijving>
			<BG:cultuurBebouwd>Wonen</BG:cultuurBebouwd>
		</BG:locatieOnroerendeZaak>
		<BG:kdp.plaatscoordinaten>
					<gml:Point srsName="urn:ogc:def:crs:EPSG::28992">
						<gml:pos>230266.164 558040.067</gml:pos>
					</gml:Point>
		</BG:kdp.plaatscoordinaten>
		<BG:kdp.grootte>302</BG:kdp.grootte>
		<BG:kdp.vastgesteldeGrootte>true</BG:kdp.vastgesteldeGrootte>
		<BG:kdp.begrenzing>
			<gml:Surface srsName="urn:ogc:def:crs:EPSG::28992">
						<gml:patches>
							<gml:PolygonPatch>
								<gml:exterior>
									<gml:LinearRing>
										<gml:posList srsDimension="2" count="7">230268.259 558060.325 230258.25 558058.018 230264.858 558029.429 230274.865 558031.682 230271.468 558046.415 230269.4 558055.467 230268.259 558060.325</gml:posList>
									</gml:LinearRing>
								</gml:exterior>
							</gml:PolygonPatch>
						</gml:patches>
					</gml:Surface>
		</BG:kdp.begrenzing>
		<BG:koopsom>
			<BG:bedrag>210000</BG:bedrag>
			<BG:valutasoort>EUR</BG:valutasoort>
			<BG:aardBedrag xsi:nil="true" StUF:noValue="waardeOnbekend"></BG:aardBedrag>
			<BG:koopjaar>2009</BG:koopjaar>
			<BG:transactiedatum>20091102</BG:transactiedatum>
			<BG:meerOnroerendGoed>false</BG:meerOnroerendGoed>
		</BG:koopsom>
		<BG:ingangsdatumObject>20091102</BG:ingangsdatumObject>
		<StUF:tijdvakGeldigheid>
			<StUF:beginGeldigheid>20091102</StUF:beginGeldigheid>
			<StUF:eindGeldigheid xsi:nil="true" StUF:noValue="geenWaarde"></StUF:eindGeldigheid>
		</StUF:tijdvakGeldigheid>
		<StUF:extraElementen>
			<StUF:extraElement naam="rotatie">-1.3436</StUF:extraElement>
			<StUF:extraElement naam="stukdatum">20150701</StUF:extraElement>
			<StUF:extraElement naam="typeGebeurtenis">wijzigKOZ</StUF:extraElement>
			<StUF:extraElement naam="stuknummer">66399/183</StUF:extraElement>
			<StUF:extraElement naam="aarStukdeel">Akte van Koop en Verkoop</StUF:extraElement>
		</StUF:extraElementen>
		<BG:isOntstaanUit StUF:verwerkingssoort="W" StUF:entiteittype="KOZKOZVAN">
			 <BG:gerelateerde StUF:entiteittype="KOZ" StUF:verwerkingssoort="I">
				<BG:kadastraleIdentificatie>53830407540125</BG:kadastraleIdentificatie>
				<BG:authentiek StUF:metagegeven="true">J</BG:authentiek>
			 </BG:gerelateerde>
			<BG:overgangsgrootte>302</BG:overgangsgrootte>
			<BG:aard>V</BG:aard>
		</BG:isOntstaanUit>
		<BG:heeftAlsVoornaamsteZakelijkGerechtigde StUF:entiteittype="KOZRPSVZG" StUF:verwerkingssoort="T">
			<BG:gerelateerde>
				<BG:natuurlijkPersoon StUF:entiteittype="NPS" StUF:verwerkingssoort="I" >
					<BG:inp.bsn>299999993</BG:inp.bsn>
					<BG:authentiek StUF:metagegeven="true">N</BG:authentiek>
					<BG:geslachtsnaam>Bos</BG:geslachtsnaam>
					<BG:voorletters>G.W.</BG:voorletters>
					<BG:voornamen>Geert Willem</BG:voornamen>
					<BG:geslachtsaanduiding>M</BG:geslachtsaanduiding>
					<BG:geboortedatum>19770526</BG:geboortedatum>
					<BG:verblijfsadres>
						<BG:authentiek StUF:metagegeven="true">N</BG:authentiek>
						<BG:wpl.woonplaatsNaam>GRONINGEN</BG:wpl.woonplaatsNaam>
						<BG:gor.openbareRuimteNaam>Van Drielstlaan</BG:gor.openbareRuimteNaam>
						<BG:aoa.postcode>9744EW</BG:aoa.postcode>
						<BG:aoa.huisnummer>74</BG:aoa.huisnummer>
					</BG:verblijfsadres>
				</BG:natuurlijkPersoon>
			</BG:gerelateerde>
			<StUF:tijdvakRelatie>
				<StUF:beginRelatie>200911021227</StUF:beginRelatie>
				<StUF:eindRelatie xsi:nil="true" StUF:noValue="geenWaarde" ></StUF:eindRelatie>
			</StUF:tijdvakRelatie>
			</BG:heeftAlsVoornaamsteZakelijkGerechtigde>
	</BRK:object>
	</BRK:kozLk01>
	<BRK:zkrLk01 StUF:entiteittype="ZKR" StUF:functie="update">
		<BRK:parameters>
			<StUF:mutatiesoort>W</StUF:mutatiesoort>
			<StUF:indicatorOvername>V</StUF:indicatorOvername>
		</BRK:parameters>
	<BRK:object StUF:sleutelVerzendend="AKR1.9642076" StUF:entiteittype="ZKR" StUF:verwerkingssoort="W">
		<BG:identificatie>AKR1.9642076</BG:identificatie>
		<BG:avr.aard>VE</BG:avr.aard>
		<BG:aandeelRecht>
			<BG:teller>1</BG:teller>
			<BG:noemer>1</BG:noemer>
		</BG:aandeelRecht>
		<BG:brondocument StUF:metagegeven="true">
			<BG:identificatie>20091102003581</BG:identificatie>
		</BG:brondocument >
		<BG:ingangsdatumRecht>20020725</BG:ingangsdatumRecht>
		<StUF:tijdvakGeldigheid>
			<StUF:beginGeldigheid>200906030900</StUF:beginGeldigheid>
			<StUF:eindGeldigheid>20091102</StUF:eindGeldigheid>
		</StUF:tijdvakGeldigheid>
		<StUF:tijdstipRegistratie>20091031</StUF:tijdstipRegistratie>
		<BG:heeftBetrekkingOp StUF:entiteittype="ZKRKOZ" StUF:verwerkingssoort="I">
			<BG:gerelateerde StUF:entiteittype="KOZ" StUF:verwerkingssoort="I">
				<BG:kadastraleIdentificatie>53830459170000</BG:kadastraleIdentificatie>
				<BG:authentiek StUF:metagegeven="true">J</BG:authentiek>
				<BG:kadastraleAanduiding>
					<BG:kadastraleGemeentecode>ASN00</BG:kadastraleGemeentecode>
					<BG:kadastraleSectie>Q</BG:kadastraleSectie>
					<BG:kadastraalPerceelnummer>4591</BG:kadastraalPerceelnummer>
					<BG:kdp.deelperceelNummer>4591</BG:kdp.deelperceelNummer>
				</BG:kadastraleAanduiding>
			</BG:gerelateerde>
		</BG:heeftBetrekkingOp>
		<BG:heeftAlsGerechtigde StUF:entiteittype="ZKRRPS" StUF:verwerkingssoort="I">
			<BG:gerelateerde>
				<BG:natuurlijkPersoon StUF:entiteittype="NPS" StUF:verwerkingssoort="I">
					<BG:inp.bsn>299999993</BG:inp.bsn>
					<BG:authentiek StUF:metagegeven="true">N</BG:authentiek>
					<BG:geslachtsnaam>Nauta</BG:geslachtsnaam>
					<BG:voorletters>N.A.J.</BG:voorletters>
					<BG:voornamen>Nathalie Angela Juliëtte</BG:voornamen>
					<BG:geslachtsaanduiding>V</BG:geslachtsaanduiding>
					<BG:geboortedatum>19700724</BG:geboortedatum>
					<BG:verblijfsadres>						
						<BG:wpl.woonplaatsNaam>ASSEN</BG:wpl.woonplaatsNaam>
						<BG:gor.openbareRuimteNaam>Hildegard van Bingenweg</BG:gor.openbareRuimteNaam>
						<BG:aoa.postcode>9408BH</BG:aoa.postcode>
						<BG:aoa.huisnummer>11</BG:aoa.huisnummer>
					</BG:verblijfsadres>
				</BG:natuurlijkPersoon>
			</BG:gerelateerde>
			<StUF:tijdstipRegistratie>20091031</StUF:tijdstipRegistratie>
		</BG:heeftAlsGerechtigde>
	</BRK:object>
	<BRK:object StUF:sleutelVerzendend="AKR1.9642076" StUF:entiteittype="ZKR" StUF:verwerkingssoort="W">
		<BG:identificatie>AKR1.9642076</BG:identificatie>
		<BG:avr.aard>VE</BG:avr.aard>
		<BG:aandeelRecht>
			<BG:teller>1</BG:teller>
			<BG:noemer>1</BG:noemer>
		</BG:aandeelRecht>
		<BG:brondocument StUF:metagegeven="true">
			<BG:identificatie>20091102003581</BG:identificatie>
		</BG:brondocument >
		<BG:ingangsdatumRecht>20020725</BG:ingangsdatumRecht>
		<StUF:tijdvakGeldigheid>
			<StUF:beginGeldigheid>20091102</StUF:beginGeldigheid>
			<StUF:eindGeldigheid xsi:nil="true" StUF:noValue="geenWaarde"></StUF:eindGeldigheid>
		</StUF:tijdvakGeldigheid>
		<BG:heeftBetrekkingOp StUF:entiteittype="ZKRKOZ" StUF:verwerkingssoort="I">
			<BG:gerelateerde StUF:entiteittype="KOZ" StUF:verwerkingssoort="I">
				<BG:kadastraleIdentificatie>53830459170000</BG:kadastraleIdentificatie>
				<BG:authentiek StUF:metagegeven="true">J</BG:authentiek>
				<BG:kadastraleAanduiding>
					<BG:kadastraleGemeentecode>ASN00</BG:kadastraleGemeentecode>
					<BG:kadastraleSectie>Q</BG:kadastraleSectie>
					<BG:kadastraalPerceelnummer>4591</BG:kadastraalPerceelnummer>
					<BG:kdp.deelperceelNummer>4591</BG:kdp.deelperceelNummer>
				</BG:kadastraleAanduiding>
			</BG:gerelateerde>
		</BG:heeftBetrekkingOp>
		<BG:heeftAlsGerechtigde StUF:entiteittype="ZKRRPS" StUF:verwerkingssoort="I">
			<BG:gerelateerde>
				<BG:natuurlijkPersoon StUF:entiteittype="NPS" StUF:verwerkingssoort="I">
					<BG:inp.bsn>299999993</BG:inp.bsn>
					<BG:authentiek StUF:metagegeven="true">N</BG:authentiek>
					<BG:geslachtsnaam>Nauta</BG:geslachtsnaam>
					<BG:voorletters>N.A.J.</BG:voorletters>
					<BG:voornamen>Nathalie Angela Juliëtte</BG:voornamen>
					<BG:geslachtsaanduiding>V</BG:geslachtsaanduiding>
					<BG:geboortedatum>19700724</BG:geboortedatum>
					<BG:verblijfsadres>						
						<BG:wpl.woonplaatsNaam>ASSEN</BG:wpl.woonplaatsNaam>
						<BG:gor.openbareRuimteNaam>Hildegard van Bingenweg</BG:gor.openbareRuimteNaam>
						<BG:aoa.postcode>9408BH</BG:aoa.postcode>
						<BG:aoa.huisnummer>11</BG:aoa.huisnummer>
					</BG:verblijfsadres>
				</BG:natuurlijkPersoon>
			</BG:gerelateerde>
		</BG:heeftAlsGerechtigde>
	</BRK:object>
	</BRK:zkrLk01>
	<BRK:zkrLk01 StUF:entiteittype="ZKR" StUF:functie="update">
		<BRK:parameters>
			<StUF:mutatiesoort>T</StUF:mutatiesoort>
			<StUF:indicatorOvername>V</StUF:indicatorOvername>
		</BRK:parameters>
		<BRK:object StUF:sleutelVerzendend="AKR1.100000001268082" StUF:entiteittype="ZKR" StUF:verwerkingssoort="T">
		<BG:identificatie>AKR1.100000001268082</BG:identificatie>
		<BG:avr.aard>VE</BG:avr.aard>
		<BG:aandeelRecht>
			<BG:teller>1</BG:teller>
			<BG:noemer>2</BG:noemer>
		</BG:aandeelRecht>
		<BG:brondocument StUF:metagegeven="true">
			<BG:identificatie>20091102003581</BG:identificatie>
		</BG:brondocument >
		<BG:ingangsdatumRecht>20091102</BG:ingangsdatumRecht>
		<StUF:tijdvakGeldigheid>
			<StUF:beginGeldigheid>20091102</StUF:beginGeldigheid>
			<StUF:eindGeldigheid xsi:nil="true" StUF:noValue="waardeOnbekend"></StUF:eindGeldigheid>
		</StUF:tijdvakGeldigheid>
		<BG:heeftBetrekkingOp StUF:entiteittype="ZKRKOZ" StUF:verwerkingssoort="I">
			<BG:gerelateerde StUF:entiteittype="KOZ" StUF:verwerkingssoort="I">
				<BG:kadastraleIdentificatie>53830459170000</BG:kadastraleIdentificatie>
				<BG:authentiek StUF:metagegeven="true">J</BG:authentiek>
				<BG:kadastraleAanduiding>
					<BG:kadastraleGemeentecode>ASN00</BG:kadastraleGemeentecode>
					<BG:kadastraleSectie>Q</BG:kadastraleSectie>
					<BG:kadastraalPerceelnummer>4591</BG:kadastraalPerceelnummer>
					<BG:kdp.deelperceelNummer>4591</BG:kdp.deelperceelNummer>
				</BG:kadastraleAanduiding>
			</BG:gerelateerde>
		</BG:heeftBetrekkingOp>
		<BG:heeftAlsGerechtigde StUF:entiteittype="ZKRRPS" StUF:verwerkingssoort="I">
			<BG:gerelateerde>
				<BG:natuurlijkPersoon StUF:entiteittype="NPS" StUF:verwerkingssoort="I" >
					<BG:inp.bsn>299999993</BG:inp.bsn>
					<BG:authentiek StUF:metagegeven="true">N</BG:authentiek>
					<BG:geslachtsnaam>Bos</BG:geslachtsnaam>
					<BG:voorletters>G.W.</BG:voorletters>
					<BG:voornamen>Geert Willem</BG:voornamen>
					<BG:geslachtsaanduiding>M</BG:geslachtsaanduiding>
					<BG:geboortedatum>19770526</BG:geboortedatum>
					<BG:verblijfsadres>
						<BG:authentiek StUF:metagegeven="true">N</BG:authentiek>
						<BG:wpl.woonplaatsNaam>GRONINGEN</BG:wpl.woonplaatsNaam>
						<BG:gor.openbareRuimteNaam>Van Drielstlaan</BG:gor.openbareRuimteNaam>
						<BG:aoa.postcode>9744EW</BG:aoa.postcode>
						<BG:aoa.huisnummer>74</BG:aoa.huisnummer>
					</BG:verblijfsadres>
				</BG:natuurlijkPersoon>
			</BG:gerelateerde>
		</BG:heeftAlsGerechtigde>
	</BRK:object>
	</BRK:zkrLk01>
	<BRK:zkrLk01 StUF:entiteittype="ZKR" StUF:functie="update">
		<BRK:parameters>
			<StUF:mutatiesoort>T</StUF:mutatiesoort>
			<StUF:indicatorOvername>V</StUF:indicatorOvername>
		</BRK:parameters>
		<BRK:object StUF:sleutelVerzendend="AKR1.100000001268082" StUF:entiteittype="ZKR" StUF:verwerkingssoort="T">
		<BG:identificatie>AKR1.100000001268082</BG:identificatie>
		<BG:avr.aard>VE</BG:avr.aard>
		<BG:aandeelRecht>
			<BG:teller>1</BG:teller>
			<BG:noemer>2</BG:noemer>
		</BG:aandeelRecht>
		<BG:brondocument StUF:metagegeven="true">
			<BG:identificatie>20091102003581</BG:identificatie>
		</BG:brondocument >
		<BG:ingangsdatumRecht>20091102</BG:ingangsdatumRecht>
		<StUF:tijdvakGeldigheid>
			<StUF:beginGeldigheid>20091102</StUF:beginGeldigheid>
			<StUF:eindGeldigheid xsi:nil="true" StUF:noValue="waardeOnbekend"></StUF:eindGeldigheid>
		</StUF:tijdvakGeldigheid>
		<BG:heeftBetrekkingOp StUF:entiteittype="ZKRKOZ" StUF:verwerkingssoort="I">
			<BG:gerelateerde StUF:entiteittype="KOZ" StUF:verwerkingssoort="I">
				<BG:kadastraleIdentificatie>53830459170000</BG:kadastraleIdentificatie>
				<BG:authentiek StUF:metagegeven="true">J</BG:authentiek>
				<BG:kadastraleAanduiding>
					<BG:kadastraleGemeentecode>ASN00</BG:kadastraleGemeentecode>
					<BG:kadastraleSectie>Q</BG:kadastraleSectie>
					<BG:kadastraalPerceelnummer>4591</BG:kadastraalPerceelnummer>
					<BG:kdp.deelperceelNummer>4591</BG:kdp.deelperceelNummer>
				</BG:kadastraleAanduiding>
			</BG:gerelateerde>
		</BG:heeftBetrekkingOp>
		<BG:heeftAlsGerechtigde StUF:entiteittype="ZKRRPS" StUF:verwerkingssoort="I">
			<BG:gerelateerde>
				<BG:natuurlijkPersoon StUF:entiteittype="NPS" StUF:verwerkingssoort="I" >
					<BG:inp.bsn>299999993</BG:inp.bsn>
					<BG:authentiek StUF:metagegeven="true">N</BG:authentiek>
					<BG:geslachtsnaam>Mulder</BG:geslachtsnaam>
					<BG:voorletters>M.</BG:voorletters>
					<BG:voornamen>Marleen</BG:voornamen>
					<BG:geslachtsaanduiding>V</BG:geslachtsaanduiding>
					<BG:geboortedatum>19780829</BG:geboortedatum>
					<BG:verblijfsadres>
						<BG:authentiek StUF:metagegeven="true">N</BG:authentiek>
						<BG:wpl.woonplaatsNaam>GRONINGEN</BG:wpl.woonplaatsNaam>
						<BG:gor.openbareRuimteNaam>Van Drielstlaan</BG:gor.openbareRuimteNaam>
						<BG:aoa.postcode>9744EW</BG:aoa.postcode>
						<BG:aoa.huisnummer>74</BG:aoa.huisnummer>
					</BG:verblijfsadres>
				</BG:natuurlijkPersoon>
			</BG:gerelateerde>
		</BG:heeftAlsGerechtigde>
	</BRK:object>	
	</BRK:zkrLk01>
	<BRK:zraLk01 StUF:entiteittype="ZRA" StUF:functie="update">
		<BRK:parameters>
			<StUF:mutatiesoort>W</StUF:mutatiesoort>
			<StUF:indicatorOvername>V</StUF:indicatorOvername>
		</BRK:parameters>
		<BRK:object StUF:sleutelVerzendend="AKR2.100000000605116"  StUF:entiteittype="ZRA" StUF:verwerkingssoort="W">
		<BG:identificatie>AKR2.100000000605116</BG:identificatie>
		<BG:omschrijving></BG:omschrijving>
		<BG:brondocument StUF:metagegeven="true">
			<BG:identificatie>20090603000418</BG:identificatie>
		</BG:brondocument>
		<BG:ingangsdatumObject>20020725</BG:ingangsdatumObject>
		<BG:einddatumObject xsi:nil="true" StUF:noValue="geenWaarde"></BG:einddatumObject>
		<StUF:tijdvakGeldigheid>
			<StUF:beginGeldigheid>20020725</StUF:beginGeldigheid>
			<StUF:eindGeldigheid>20091102</StUF:eindGeldigheid>
		</StUF:tijdvakGeldigheid>
		<StUF:extraElementen>
			<StUF:extraElement naam="aardOmschrijving">Koopovereenkomst, art. 7:3 BW en 10 WVG</StUF:extraElement>
		</StUF:extraElementen>
		<BG:hoortBij StUF:entiteittype="ZRAZKR"  StUF:verwerkingssoort="I">
			<BG:gerelateerde StUF:entiteittype="ZKR" StUF:verwerkingssoort="I">
				<BG:identificatie>AKR1.9642076</BG:identificatie>
				<BG:avr.aard>VE</BG:avr.aard>
			</BG:gerelateerde>
		</BG:hoortBij>
	</BRK:object>
	<BRK:object StUF:sleutelVerzendend="AKR2.100000000605116"  StUF:entiteittype="ZRA" StUF:verwerkingssoort="W">
		<BG:identificatie>AKR2.100000000605116</BG:identificatie>
		<BG:omschrijving></BG:omschrijving>
		<BG:brondocument StUF:metagegeven="true">
			<BG:identificatie>20090603000418</BG:identificatie>
		</BG:brondocument>
		<BG:ingangsdatumObject>20020725</BG:ingangsdatumObject>
		<BG:einddatumObject>20091102</BG:einddatumObject>
		<StUF:tijdvakGeldigheid>
			<StUF:beginGeldigheid>20091102</StUF:beginGeldigheid>
			<StUF:eindGeldigheid xsi:nil="true" StUF:noValue="geenWaarde"></StUF:eindGeldigheid>
		</StUF:tijdvakGeldigheid>
		<StUF:extraElementen>
			<StUF:extraElement naam="aardOmschrijving">Koopovereenkomst, art. 7:3 BW en 10 WVG</StUF:extraElement>
		</StUF:extraElementen>
		<BG:hoortBij StUF:entiteittype="ZRAZKR"  StUF:verwerkingssoort="I">
			<BG:gerelateerde StUF:entiteittype="ZKR" StUF:verwerkingssoort="I">
				<BG:identificatie>AKR1.9642076</BG:identificatie>
				<BG:avr.aard>VE</BG:avr.aard>
			</BG:gerelateerde>
		</BG:hoortBij>
	</BRK:object>
	</BRK:zraLk01>
	<BRK:zraLk01 StUF:entiteittype="ZRA" StUF:functie="update">
		<BRK:parameters>
			<StUF:mutatiesoort>W</StUF:mutatiesoort>
			<StUF:indicatorOvername>V</StUF:indicatorOvername>
		</BRK:parameters>
		<BRK:object StUF:sleutelVerzendend="AKR2.100000000605115"  StUF:entiteittype="ZRA" StUF:verwerkingssoort="W">
		<BG:identificatie>AKR2.100000000605115</BG:identificatie>
		<BG:omschrijving></BG:omschrijving>
		<BG:brondocument StUF:metagegeven="true">
			<BG:identificatie>20090603000418</BG:identificatie>
		</BG:brondocument>
		<BG:ingangsdatumObject>20090603</BG:ingangsdatumObject>
		<BG:einddatumObject xsi:nil="true" StUF:noValue="geenWaarde"></BG:einddatumObject>
		<StUF:tijdvakGeldigheid>
			<StUF:beginGeldigheid>20090603</StUF:beginGeldigheid>
			<StUF:eindGeldigheid>20091102</StUF:eindGeldigheid>
		</StUF:tijdvakGeldigheid>
		<StUF:extraElementen>
			<StUF:extraElement naam="aardOmschrijving">Stuk aanbrengen beperkende bepaling op zakelijk recht overig</StUF:extraElement>
		</StUF:extraElementen>
		<BG:hoortBij StUF:entiteittype="ZRAZKR"  StUF:verwerkingssoort="I">
			<BG:gerelateerde StUF:entiteittype="ZKR" StUF:verwerkingssoort="I">
				<BG:identificatie>AKR1.9642076</BG:identificatie>
				<BG:avr.aard>VE</BG:avr.aard>
			</BG:gerelateerde>
		</BG:hoortBij>
	</BRK:object>
	<BRK:object StUF:sleutelVerzendend="AKR2.100000000605115"  StUF:entiteittype="ZRA" StUF:verwerkingssoort="W">
		<BG:identificatie>AKR2.100000000605115</BG:identificatie>
		<BG:omschrijving></BG:omschrijving>
		<BG:brondocument StUF:metagegeven="true">
			<BG:identificatie>20090603000418</BG:identificatie>
		</BG:brondocument>
		<BG:ingangsdatumObject>20090603</BG:ingangsdatumObject>
		<BG:einddatumObject>20091102</BG:einddatumObject>
		<StUF:tijdvakGeldigheid>
			<StUF:beginGeldigheid>20091102</StUF:beginGeldigheid>
			<StUF:eindGeldigheid xsi:nil="true" StUF:noValue="geenWaarde"></StUF:eindGeldigheid>
		</StUF:tijdvakGeldigheid>
		<StUF:extraElementen>
			<StUF:extraElement naam="aardOmschrijving">Stuk aanbrengen beperkende bepaling op zakelijk recht overig</StUF:extraElement>
		</StUF:extraElementen>
		<BG:hoortBij StUF:entiteittype="ZRAZKR"  StUF:verwerkingssoort="I">
			<BG:gerelateerde StUF:entiteittype="ZKR" StUF:verwerkingssoort="I">
				<BG:identificatie>AKR1.9642076</BG:identificatie>
				<BG:avr.aard>VE</BG:avr.aard>
			</BG:gerelateerde>
		</BG:hoortBij>
	</BRK:object>
	</BRK:zraLk01>
	<BRK:zraLk01 StUF:entiteittype="ZRA" StUF:functie="update">
	    <BRK:parameters>
			<StUF:mutatiesoort>T</StUF:mutatiesoort>
			<StUF:indicatorOvername>V</StUF:indicatorOvername>
		</BRK:parameters>
		<BRK:object StUF:sleutelVerzendend="AKR2.100000001211302"  StUF:entiteittype="ZRA" StUF:verwerkingssoort="T">
		<BG:identificatie>AKR2.100000001211302</BG:identificatie>
		<BG:omschrijving></BG:omschrijving>
		<BG:brondocument StUF:metagegeven="true">
			<BG:identificatie>20091102003581</BG:identificatie>
		</BG:brondocument>
		<BG:ingangsdatumObject>20091102</BG:ingangsdatumObject>
		<BG:einddatumObject xsi:nil="true" StUF:noValue="geenWaarde"></BG:einddatumObject>
		<StUF:tijdvakGeldigheid>
			<StUF:beginGeldigheid>20091102</StUF:beginGeldigheid>
			<StUF:eindGeldigheid xsi:nil="true" StUF:noValue="geenWaarde"></StUF:eindGeldigheid>
		</StUF:tijdvakGeldigheid>
		<StUF:extraElementen>
			<StUF:extraElement naam="aardOmschrijving">Koopovereenkomst, art. 7:3 BW en 10 WVG (doorhaling)</StUF:extraElement>
		</StUF:extraElementen>
		<BG:hoortBij StUF:entiteittype="ZRAZKR"  StUF:verwerkingssoort="I">
			<BG:gerelateerde StUF:entiteittype="ZKR" StUF:verwerkingssoort="I">
				<BG:identificatie>AKR1.100000001268041</BG:identificatie>
				<BG:avr.aard>VE</BG:avr.aard>
			</BG:gerelateerde>
		</BG:hoortBij>
	</BRK:object>
	</BRK:zraLk01>
	<BRK:zraLk01 StUF:entiteittype="ZRA" StUF:functie="update">
	    <BRK:parameters>
			<StUF:mutatiesoort>T</StUF:mutatiesoort>
			<StUF:indicatorOvername>V</StUF:indicatorOvername>
		</BRK:parameters>
		<BRK:object StUF:sleutelVerzendend="AKR2.100000001211304"  StUF:entiteittype="ZRA" StUF:verwerkingssoort="T">
		<BG:identificatie>AKR2.100000001211304</BG:identificatie>
		<BG:omschrijving></BG:omschrijving>
		<BG:brondocument StUF:metagegeven="true">
			<BG:identificatie>20091102003581</BG:identificatie>
		</BG:brondocument>
		<BG:ingangsdatumObject>20091102</BG:ingangsdatumObject>
		<BG:einddatumObject xsi:nil="true" StUF:noValue="geenWaarde"></BG:einddatumObject>
		<StUF:tijdvakGeldigheid>
			<StUF:beginGeldigheid>20091102</StUF:beginGeldigheid>
			<StUF:eindGeldigheid xsi:nil="true" StUF:noValue="geenWaarde"></StUF:eindGeldigheid>
		</StUF:tijdvakGeldigheid>
		<StUF:extraElementen>
			<StUF:extraElement naam="aardOmschrijving">Koopovereenkomst, art. 7:3 BW en 10 WVG (doorhaling)</StUF:extraElement>
		</StUF:extraElementen>
		<BG:hoortBij StUF:entiteittype="ZRAZKR"  StUF:verwerkingssoort="I">
			<BG:gerelateerde StUF:entiteittype="ZKR" StUF:verwerkingssoort="I">
				<BG:identificatie>AKR1.100000001268041</BG:identificatie>
				<BG:avr.aard>VE</BG:avr.aard>
			</BG:gerelateerde>
		</BG:hoortBij>
	</BRK:object>
	</BRK:zraLk01>
	<BRK:zraLk01 StUF:entiteittype="ZRA" StUF:functie="update">
	<BRK:parameters>
			<StUF:mutatiesoort>T</StUF:mutatiesoort>
			<StUF:indicatorOvername>V</StUF:indicatorOvername>
		</BRK:parameters>
	<BRK:object StUF:sleutelVerzendend="AKR2.100000001211303"  StUF:entiteittype="ZRA" StUF:verwerkingssoort="T">
		<BG:identificatie>AKR2.100000001211303</BG:identificatie>
		<BG:omschrijving></BG:omschrijving>
		<BG:brondocument StUF:metagegeven="true">
			<BG:identificatie>20091102003581</BG:identificatie>
		</BG:brondocument>
		<BG:ingangsdatumObject>20091102</BG:ingangsdatumObject>
		<BG:einddatumObject xsi:nil="true" StUF:noValue="geenWaarde"></BG:einddatumObject>
		<StUF:tijdvakGeldigheid>
			<StUF:beginGeldigheid>20091102</StUF:beginGeldigheid>
			<StUF:eindGeldigheid xsi:nil="true" StUF:noValue="geenWaarde"></StUF:eindGeldigheid>
		</StUF:tijdvakGeldigheid>
		<StUF:extraElementen>
			<StUF:extraElement naam="aardOmschrijving">Koopovereenkomst, art. 7:3 BW en 10 WVG (doorhaling)</StUF:extraElement>
		</StUF:extraElementen>
		<BG:hoortBij StUF:entiteittype="ZRAZKR"  StUF:verwerkingssoort="I">
			<BG:gerelateerde StUF:entiteittype="ZKR" StUF:verwerkingssoort="I">
				<BG:identificatie>AKR1.100000001268082</BG:identificatie>
				<BG:avr.aard>VE</BG:avr.aard>
			</BG:gerelateerde>
		</BG:hoortBij>
	</BRK:object>
	</BRK:zraLk01>
	<BRK:zraLk01 StUF:entiteittype="ZRA" StUF:functie="update">
		<BRK:parameters>
			<StUF:mutatiesoort>T</StUF:mutatiesoort>
			<StUF:indicatorOvername>V</StUF:indicatorOvername>
		</BRK:parameters>
		<BRK:object StUF:sleutelVerzendend="AKR2.100000001211305"  StUF:entiteittype="ZRA" StUF:verwerkingssoort="T">
		<BG:identificatie>AKR2.100000001211305</BG:identificatie>
		<BG:omschrijving></BG:omschrijving>
		<BG:brondocument StUF:metagegeven="true">
			<BG:identificatie>20090603000418</BG:identificatie>
		</BG:brondocument>
		<BG:ingangsdatumObject>20091102</BG:ingangsdatumObject>
		<BG:einddatumObject xsi:nil="true" StUF:noValue="geenWaarde"></BG:einddatumObject>
		<StUF:tijdvakGeldigheid>
			<StUF:beginGeldigheid>20091102</StUF:beginGeldigheid>
			<StUF:eindGeldigheid xsi:nil="true" StUF:noValue="geenWaarde"></StUF:eindGeldigheid>
		</StUF:tijdvakGeldigheid>
		<StUF:extraElementen>
			<StUF:extraElement naam="aardOmschrijving">Koopovereenkomst, art. 7:3 BW en 10 WVG (doorhaling)</StUF:extraElement>
		</StUF:extraElementen>
		<BG:hoortBij StUF:entiteittype="ZRAZKR"  StUF:verwerkingssoort="I">
			<BG:gerelateerde StUF:entiteittype="ZKR" StUF:verwerkingssoort="I">
				<BG:identificatie>AKR1.100000001268082</BG:identificatie>
				<BG:avr.aard>VE</BG:avr.aard>
			</BG:gerelateerde>
		</BG:hoortBij>
	</BRK:object>
	</BRK:zraLk01>
	<BRK:kzaLk01 StUF:entiteittype="KZA" StUF:functie="update">
		<BRK:parameters>
			<StUF:mutatiesoort>W</StUF:mutatiesoort>
			<StUF:indicatorOvername>V</StUF:indicatorOvername>
		</BRK:parameters>
		<BRK:object StUF:entiteittype="KZA" StUF:sleutelVerzendend="AKR1.1663547" StUF:verwerkingssoort="W">
		<BG:identificatie>AKR1.1663547</BG:identificatie>
		<BG:omschrijving></BG:omschrijving>
		<BG:brondocument StUF:metagegeven="true">
			<BG:identificatie>20020725000392</BG:identificatie>
		</BG:brondocument>
		<BG:ingangsdatumObject>20020725</BG:ingangsdatumObject>
		<BG:einddatumObject xsi:nil="true" StUF:noValue="geenWaarde"/>
		<StUF:tijdvakGeldigheid>
			<StUF:beginGeldigheid>20020725</StUF:beginGeldigheid>
			<StUF:eindGeldigheid>20091102</StUF:eindGeldigheid>
		</StUF:tijdvakGeldigheid>
		<StUF:extraElementen>
			<StUF:extraElement naam="aardOmschrijving">Kwalitatieve verplichting</StUF:extraElement>
		</StUF:extraElementen>
		<BG:hoortBij StUF:entiteittype="KZAKOZ" StUF:verwerkingssoort="T">
			<BG:gerelateerde StUF:entiteittype="KOZ" StUF:verwerkingssoort="T">
				<BG:kadastraleIdentificatie>53830459170000</BG:kadastraleIdentificatie>
				<BG:authentiek StUF:metagegeven="true">J</BG:authentiek>
				<BG:kadastraleAanduiding>
					<BG:kadastraleGemeentecode>ASN00</BG:kadastraleGemeentecode>
					<BG:kadastraleSectie>Q</BG:kadastraleSectie>
					<BG:kadastraalPerceelnummer>4591</BG:kadastraalPerceelnummer>
					<BG:kdp.deelperceelNummer>4591</BG:kdp.deelperceelNummer>
				</BG:kadastraleAanduiding>
			</BG:gerelateerde>
		</BG:hoortBij>
	</BRK:object>
	<BRK:object StUF:entiteittype="KZA" StUF:sleutelVerzendend="AKR1.1663547" StUF:verwerkingssoort="W">
		<BG:identificatie>AKR1.1663547</BG:identificatie>
		<BG:omschrijving></BG:omschrijving>
		<BG:brondocument StUF:metagegeven="true">
			<BG:identificatie>20020725000392</BG:identificatie>
		</BG:brondocument>
		<BG:ingangsdatumObject>20020725</BG:ingangsdatumObject>
		<BG:einddatumObject xsi:nil="true" StUF:noValue="geenWaarde"/>
		<StUF:tijdvakGeldigheid>
			<StUF:beginGeldigheid>20020725</StUF:beginGeldigheid>
			<StUF:eindGeldigheid>20091102</StUF:eindGeldigheid>
		</StUF:tijdvakGeldigheid>
		<StUF:extraElementen>
			<StUF:extraElement naam="aardOmschrijving">Kwalitatieve verplichting</StUF:extraElement>
		</StUF:extraElementen>
		<BG:hoortBij StUF:entiteittype="KZAKOZ" StUF:verwerkingssoort="T">
			<BG:gerelateerde StUF:entiteittype="KOZ" StUF:verwerkingssoort="T">
				<BG:kadastraleIdentificatie>53830459170000</BG:kadastraleIdentificatie>
				<BG:authentiek StUF:metagegeven="true">J</BG:authentiek>
				<BG:kadastraleAanduiding>
					<BG:kadastraleGemeentecode>ASN00</BG:kadastraleGemeentecode>
					<BG:kadastraleSectie>Q</BG:kadastraleSectie>
					<BG:kadastraalPerceelnummer>4591</BG:kadastraalPerceelnummer>
					<BG:kdp.deelperceelNummer>4591</BG:kdp.deelperceelNummer>
				</BG:kadastraleAanduiding>
			</BG:gerelateerde>
		</BG:hoortBij>
	</BRK:object>
	</BRK:kzaLk01>
	<StUF:extraElementen>
			<StUF:extraElement naam="stukdatum">20150701</StUF:extraElement>
			<StUF:extraElement naam="typeGebeurtenis">wijzigKOZ</StUF:extraElement>
			<StUF:extraElement naam="stuknummer">66399/183</StUF:extraElement>
			<StUF:extraElement naam="aarStukdeel">Akte van Koop en Verkoop</StUF:extraElement>
	</StUF:extraElementen>
</BRK:wijzigKOZ_Di01>
