<?xml version="1.0" encoding="UTF-8"?>
<!-- edited with XMLSpy v2015 sp2 (http://www.altova.com) by Johan Boer (Kwaliteits Instituut Nederlandse Gemeenten) -->
<BG:zkrLk01 xmlns:gml="http://www.opengis.net/gml" xmlns:StUF="http://www.egem.nl/StUF/StUF0301" xmlns:BG="http://www.egem.nl/StUF/sector/bg/0310" xmlns:xsi="http://www.w3.org/2001/XMLSchema-instance" xsi:schemaLocation="http://www.egem.nl/StUF/sector/bg/0310 ../../berichtschema/bg0310/mutatie/bg0310_msg_mutatie.xsd"> 
	<BG:stuurgegevens>
		<StUF:berichtcode>Lk01</StUF:berichtcode>
		<StUF:zender>
			<StUF:applicatie>Zendapplicatie</StUF:applicatie>
		</StUF:zender>
		<StUF:ontvanger>
			<StUF:applicatie>Ontvangapplicatie</StUF:applicatie>
		</StUF:ontvanger>
		<StUF:referentienummer>123456789</StUF:referentienummer>
		<StUF:tijdstipBericht>201512081558</StUF:tijdstipBericht>
		<StUF:entiteittype>ZKR</StUF:entiteittype>
	</BG:stuurgegevens>
	<BG:parameters>
		<StUF:mutatiesoort>W</StUF:mutatiesoort>
		<StUF:indicatorOvername>V</StUF:indicatorOvername>
	</BG:parameters>
	<BG:object StUF:sleutelVerzendend="AKR1.9642076" StUF:entiteittype="ZKR" StUF:verwerkingssoort="W">
		<BG:identificatie>AKR1.9642076</BG:identificatie>
		<BG:avr.aard>VE</BG:avr.aard>
		<BG:aandeelRecht>
			<BG:teller>1</BG:teller>
			<BG:noemer>1</BG:noemer>
		</BG:aandeelRecht>
		<BG:brondocument StUF:metagegeven="true">
			<BG:identificatie>20091102003581</BG:identificatie>
		</BG:brondocument >
		<BG:ingangsdatumRecht>20020725</BG:ingangsdatumRecht>
		<StUF:tijdvakGeldigheid>
			<StUF:beginGeldigheid>200906030900</StUF:beginGeldigheid>
			<StUF:eindGeldigheid>20091102</StUF:eindGeldigheid>
		</StUF:tijdvakGeldigheid>
		<StUF:tijdstipRegistratie>20091031</StUF:tijdstipRegistratie>
		<BG:heeftBetrekkingOp StUF:entiteittype="ZKRKOZ" StUF:verwerkingssoort="I">
			<BG:gerelateerde StUF:entiteittype="KOZ" StUF:verwerkingssoort="I">
				<BG:kadastraleIdentificatie>53830459170000</BG:kadastraleIdentificatie>
				<BG:authentiek StUF:metagegeven="true">J</BG:authentiek>
				<BG:kadastraleAanduiding>
					<BG:kadastraleGemeentecode>ASN00</BG:kadastraleGemeentecode>
					<BG:kadastraleSectie>Q</BG:kadastraleSectie>
					<BG:kadastraalPerceelnummer>4591</BG:kadastraalPerceelnummer>
					<BG:kdp.deelperceelNummer>4591</BG:kdp.deelperceelNummer>
				</BG:kadastraleAanduiding>
			</BG:gerelateerde>
		</BG:heeftBetrekkingOp>
		<BG:heeftAlsGerechtigde StUF:entiteittype="ZKRRPS" StUF:verwerkingssoort="I">
			<BG:gerelateerde>
				<BG:natuurlijkPersoon StUF:entiteittype="NPS" StUF:verwerkingssoort="I">
					<BG:inp.bsn>299999993</BG:inp.bsn>
					<BG:authentiek StUF:metagegeven="true">N</BG:authentiek>
					<BG:geslachtsnaam>Nauta</BG:geslachtsnaam>
					<BG:voorletters>N.A.J.</BG:voorletters>
					<BG:voornamen>Nathalie Angela Juliëtte</BG:voornamen>
					<BG:geslachtsaanduiding>V</BG:geslachtsaanduiding>
					<BG:geboortedatum>19700724</BG:geboortedatum>
					<BG:verblijfsadres>						
						<BG:wpl.woonplaatsNaam>ASSEN</BG:wpl.woonplaatsNaam>
						<BG:gor.openbareRuimteNaam>Hildegard van Bingenweg</BG:gor.openbareRuimteNaam>
						<BG:aoa.postcode>9408BH</BG:aoa.postcode>
						<BG:aoa.huisnummer>11</BG:aoa.huisnummer>
					</BG:verblijfsadres>
				</BG:natuurlijkPersoon>
			</BG:gerelateerde>
			<StUF:tijdstipRegistratie>20091031</StUF:tijdstipRegistratie>
		</BG:heeftAlsGerechtigde>
	</BG:object>
	<BG:object StUF:sleutelVerzendend="AKR1.9642076" StUF:entiteittype="ZKR" StUF:verwerkingssoort="W">
		<BG:identificatie>AKR1.9642076</BG:identificatie>
		<BG:avr.aard>VE</BG:avr.aard>
		<BG:aandeelRecht>
			<BG:teller>1</BG:teller>
			<BG:noemer>1</BG:noemer>
		</BG:aandeelRecht>
		<BG:brondocument StUF:metagegeven="true">
			<BG:identificatie>20091102003581</BG:identificatie>
		</BG:brondocument >
		<BG:ingangsdatumRecht>20020725</BG:ingangsdatumRecht>
		<StUF:tijdvakGeldigheid>
			<StUF:beginGeldigheid>20091102</StUF:beginGeldigheid>
			<StUF:eindGeldigheid xsi:nil="true" StUF:noValue="geenWaarde"></StUF:eindGeldigheid>
		</StUF:tijdvakGeldigheid>
		<BG:heeftBetrekkingOp StUF:entiteittype="ZKRKOZ" StUF:verwerkingssoort="I">
			<BG:gerelateerde StUF:entiteittype="KOZ" StUF:verwerkingssoort="I">
				<BG:kadastraleIdentificatie>53830459170000</BG:kadastraleIdentificatie>
				<BG:authentiek StUF:metagegeven="true">J</BG:authentiek>
				<BG:kadastraleAanduiding>
					<BG:kadastraleGemeentecode>ASN00</BG:kadastraleGemeentecode>
					<BG:kadastraleSectie>Q</BG:kadastraleSectie>
					<BG:kadastraalPerceelnummer>4591</BG:kadastraalPerceelnummer>
					<BG:kdp.deelperceelNummer>4591</BG:kdp.deelperceelNummer>
				</BG:kadastraleAanduiding>
			</BG:gerelateerde>
		</BG:heeftBetrekkingOp>
		<BG:heeftAlsGerechtigde StUF:entiteittype="ZKRRPS" StUF:verwerkingssoort="I">
			<BG:gerelateerde>
				<BG:natuurlijkPersoon StUF:entiteittype="NPS" StUF:verwerkingssoort="I">
					<BG:inp.bsn>299999993</BG:inp.bsn>
					<BG:authentiek StUF:metagegeven="true">N</BG:authentiek>
					<BG:geslachtsnaam>Nauta</BG:geslachtsnaam>
					<BG:voorletters>N.A.J.</BG:voorletters>
					<BG:voornamen>Nathalie Angela Juliëtte</BG:voornamen>
					<BG:geslachtsaanduiding>V</BG:geslachtsaanduiding>
					<BG:geboortedatum>19700724</BG:geboortedatum>
					<BG:verblijfsadres>						
						<BG:wpl.woonplaatsNaam>ASSEN</BG:wpl.woonplaatsNaam>
						<BG:gor.openbareRuimteNaam>Hildegard van Bingenweg</BG:gor.openbareRuimteNaam>
						<BG:aoa.postcode>9408BH</BG:aoa.postcode>
						<BG:aoa.huisnummer>11</BG:aoa.huisnummer>
					</BG:verblijfsadres>
				</BG:natuurlijkPersoon>
			</BG:gerelateerde>
		</BG:heeftAlsGerechtigde>
	</BG:object>
</BG:zkrLk01>