<?xml version="1.0" encoding="UTF-8"?>
<!-- edited with XMLSpy v2015 sp2 (http://www.altova.com) by Johan Boer (Kwaliteits Instituut Nederlandse Gemeenten) -->
<BG:zkrLk01 xmlns:gml="http://www.opengis.net/gml" xmlns:StUF="http://www.egem.nl/StUF/StUF0301" xmlns:BG="http://www.egem.nl/StUF/sector/bg/0310" xmlns:xsi="http://www.w3.org/2001/XMLSchema-instance" xsi:schemaLocation="http://www.egem.nl/StUF/sector/bg/0310 ../../berichtschema/bg0310/mutatie/bg0310_msg_mutatie.xsd"> 
	<BG:stuurgegevens>
		<StUF:berichtcode>Lk01</StUF:berichtcode>
		<StUF:zender>
			<StUF:applicatie>Zendapplicatie</StUF:applicatie>
		</StUF:zender>
		<StUF:ontvanger>
			<StUF:applicatie>Ontvangapplicatie</StUF:applicatie>
		</StUF:ontvanger>
		<StUF:referentienummer>123456789</StUF:referentienummer>
		<StUF:tijdstipBericht>201512081558</StUF:tijdstipBericht>
		<StUF:entiteittype>ZKR</StUF:entiteittype>
	</BG:stuurgegevens>
	<BG:parameters>
		<StUF:mutatiesoort>T</StUF:mutatiesoort>
		<StUF:indicatorOvername>V</StUF:indicatorOvername>
	</BG:parameters>
	<BG:object StUF:sleutelVerzendend="AKR1.100000001268082" StUF:entiteittype="ZKR" StUF:verwerkingssoort="T">
		<BG:identificatie>AKR1.100000001268082</BG:identificatie>
		<BG:avr.aard>VE</BG:avr.aard>
		<BG:aandeelRecht>
			<BG:teller>1</BG:teller>
			<BG:noemer>2</BG:noemer>
		</BG:aandeelRecht>
		<BG:brondocument StUF:metagegeven="true">
			<BG:identificatie>20091102003581</BG:identificatie>
		</BG:brondocument >
		<BG:ingangsdatumRecht>20091102</BG:ingangsdatumRecht>
		<StUF:tijdvakGeldigheid>
			<StUF:beginGeldigheid>20091102</StUF:beginGeldigheid>
			<StUF:eindGeldigheid xsi:nil="true" StUF:noValue="waardeOnbekend"></StUF:eindGeldigheid>
		</StUF:tijdvakGeldigheid>
		<BG:heeftBetrekkingOp StUF:entiteittype="ZKRKOZ" StUF:verwerkingssoort="I">
			<BG:gerelateerde StUF:entiteittype="KOZ" StUF:verwerkingssoort="I">
				<BG:kadastraleIdentificatie>53830459170000</BG:kadastraleIdentificatie>
				<BG:authentiek StUF:metagegeven="true">J</BG:authentiek>
				<BG:kadastraleAanduiding>
					<BG:kadastraleGemeentecode>ASN00</BG:kadastraleGemeentecode>
					<BG:kadastraleSectie>Q</BG:kadastraleSectie>
					<BG:kadastraalPerceelnummer>4591</BG:kadastraalPerceelnummer>
					<BG:kdp.deelperceelNummer>4591</BG:kdp.deelperceelNummer>
				</BG:kadastraleAanduiding>
			</BG:gerelateerde>
		</BG:heeftBetrekkingOp>
		<BG:heeftAlsGerechtigde StUF:entiteittype="ZKRRPS" StUF:verwerkingssoort="I">
			<BG:gerelateerde>
				<BG:natuurlijkPersoon StUF:entiteittype="NPS" StUF:verwerkingssoort="I" >
					<BG:inp.bsn>299999993</BG:inp.bsn>
					<BG:authentiek StUF:metagegeven="true">N</BG:authentiek>
					<BG:geslachtsnaam>Mulder</BG:geslachtsnaam>
					<BG:voorletters>M.</BG:voorletters>
					<BG:voornamen>Marleen</BG:voornamen>
					<BG:geslachtsaanduiding>V</BG:geslachtsaanduiding>
					<BG:geboortedatum>19780829</BG:geboortedatum>
					<BG:verblijfsadres>
						<BG:authentiek StUF:metagegeven="true">N</BG:authentiek>
						<BG:wpl.woonplaatsNaam>GRONINGEN</BG:wpl.woonplaatsNaam>
						<BG:gor.openbareRuimteNaam>Van Drielstlaan</BG:gor.openbareRuimteNaam>
						<BG:aoa.postcode>9744EW</BG:aoa.postcode>
						<BG:aoa.huisnummer>74</BG:aoa.huisnummer>
					</BG:verblijfsadres>
				</BG:natuurlijkPersoon>
			</BG:gerelateerde>
		</BG:heeftAlsGerechtigde>
	</BG:object>
</BG:zkrLk01>