<?xml version="1.0" encoding="UTF-8"?>
<!-- edited with XMLSpy v2015 sp2 (http://www.altova.com) by Johan Boer (Kwaliteits Instituut Nederlandse Gemeenten) -->
<BG:zraLk01 xmlns:gml="http://www.opengis.net/gml" xmlns:StUF="http://www.egem.nl/StUF/StUF0301" xmlns:BG="http://www.egem.nl/StUF/sector/bg/0310" xmlns:xsi="http://www.w3.org/2001/XMLSchema-instance" xsi:schemaLocation="http://www.egem.nl/StUF/sector/bg/0310 ../../berichtschema/bg0310/mutatie/bg0310_msg_mutatie.xsd"> 
	<BG:stuurgegevens>
		<StUF:berichtcode>Lk01</StUF:berichtcode>
		<StUF:zender>
			<StUF:applicatie>Zendapplicatie</StUF:applicatie>
		</StUF:zender>
		<StUF:ontvanger>
			<StUF:applicatie>Ontvangapplicatie</StUF:applicatie>
		</StUF:ontvanger>
		<StUF:referentienummer>123456789</StUF:referentienummer>
		<StUF:tijdstipBericht>00000000</StUF:tijdstipBericht>
		<StUF:entiteittype>ZRA</StUF:entiteittype>
	</BG:stuurgegevens>
	<BG:parameters>
		<StUF:mutatiesoort>T</StUF:mutatiesoort>
		<StUF:indicatorOvername>V</StUF:indicatorOvername>
	</BG:parameters>
	<BG:object StUF:sleutelVerzendend="AKR2.100000001211302"  StUF:entiteittype="ZRA" StUF:verwerkingssoort="T">
		<BG:identificatie>AKR2.100000001211302</BG:identificatie>
		<BG:omschrijving></BG:omschrijving>
		<BG:brondocument StUF:metagegeven="true">
			<BG:identificatie>20091102003581</BG:identificatie>
		</BG:brondocument>
		<BG:ingangsdatumObject>20091102</BG:ingangsdatumObject>
		<BG:einddatumObject xsi:nil="true" StUF:noValue="geenWaarde"></BG:einddatumObject>
		<StUF:tijdvakGeldigheid>
			<StUF:beginGeldigheid>20091102</StUF:beginGeldigheid>
			<StUF:eindGeldigheid xsi:nil="true" StUF:noValue="geenWaarde"></StUF:eindGeldigheid>
		</StUF:tijdvakGeldigheid>
		<StUF:extraElementen>
			<StUF:extraElement naam="aardOmschrijving">Koopovereenkomst, art. 7:3 BW en 10 WVG (doorhaling)</StUF:extraElement>
		</StUF:extraElementen>
		<BG:hoortBij StUF:entiteittype="ZRAZKR"  StUF:verwerkingssoort="I">
			<BG:gerelateerde StUF:entiteittype="ZKR" StUF:verwerkingssoort="I">
				<BG:identificatie>AKR1.100000001268041</BG:identificatie>
				<BG:avr.aard>VE</BG:avr.aard>
			</BG:gerelateerde>
		</BG:hoortBij>
	</BG:object>
</BG:zraLk01>
